,hashtags,goldtruths
0,Typo3,"['Typo3', 'TYPO3']"
1,KolacheFactory,['Kolache Factory']
2,moanmondays,['moan mondays']
3,semantic,['semantic']
4,babypunch,['baby punch']
5,flossylove,['flossy love']
6,justsayin,"['just sayin', 'just sayin', 'just sayin ']"
7,Logies,"['Logies', 'logies']"
8,football3s,['football 3s']
9,prosehos,"['prose hos', 'prosehos']"
10,blisters,['blisters']
11,homebirth,['home birth']
12,Continental,['Continental']
13,kentuckyderby,['kentucky derby']
14,iPhoneForAlonis,['iPhone For Alonis']
15,gr8conf,"['GR8Conf', 'gr8conf', 'gr8 conf']"
16,TWELVE,['TWELVE']
17,follow,['follow']
18,nobitchassnessfriday,"['no bitchassness friday', 'no bitchass ness friday', 'no bitch assness friday', 'no bitchassness friday']"
19,openspacecode,"['openspacecode', 'open space code', 'OpenSpace code']"
20,thegreenteen,['the green teen']
21,medifast,['medifast']
22,Geek,['Geek']
23,Liverpool,['Liverpool']
24,phpvikinger,['php vikinger']
25,xenocide,['xenocide']
26,campcourage,['camp courage']
27,stillnotreadyfor100degreeweatherbutluvPhx,['still not ready for 100 degree weather but luv Phx']
28,McFly,['McFly']
29,SharePoint,['SharePoint']
30,LemonTree,['Lemon Tree']
31,ccnet,"['ccnet', 'CCNet']"
32,hamthrax,"['Hamthrax', 'hamthrax']"
33,PeopleBrowsr,"['people browsr', 'PeopleBrowsr']"
34,maddie,['maddie']
35,sota09,['sota 09']
36,sagepay,['sage pay']
37,unfollow,['unfollow']
38,london2009,['london 2009']
39,charitytuesday,['charity tuesday']
40,ItsGrimUpNorth,"['Its Grim Up North', 'It s Grim Up North']"
41,elementsc,['element sc']
42,twares,['twares']
43,steviewonder,"['Stevie wonder', 'stevie wonder']"
44,fartingloud,['farting loud']
45,beerfriday,['beer friday']
46,jonaslive,"['Jonas live', 'jonas live']"
47,vegas,"['vegas', 'Vegas']"
48,appstore,"['appstore', 'app store']"
49,PUGHUG,"['pug hug', 'PUG HUG']"
50,nerdprom,['nerd prom']
51,otalia,"['otalia', 'Otalia']"
52,girlcrush,['girl crush']
53,Hunchback,['Hunchback']
54,trafficza,['traffic za']
55,writechat,"['writechat', 'WriteChat', 'write chat']"
56,codecompletion,['code completion']
57,magic,['magic']
58,cartoonavie,['cartoon avie']
59,HsvTweetup,['Hsv Tweetup']
60,stc09,"['stc09', 'stc 09']"
61,wishiwasinLA,"['wish i was in LA', 'wish I was in LA']"
62,Prabhakaran,['Prabhakaran']
63,lions2009,"['lions 2009', 'Lions 2009']"
64,dongle,['dongle']
65,heartballoon,['heart balloon']
66,spymaster,['spymaster']
67,UFC97,"['UFC97', 'UFC 97']"
68,twittermusical,['twitter musical']
69,COBOL,['COBOL']
70,familyhistory,['family history']
71,webdu,"['webDU', 'webdu', 'web du']"
72,makerfaire,['maker faire']
73,sleep,['sleep']
74,Bruins,['Bruins']
75,whatcotyisnotdoing,"['what COTY is not doing', 'what coty is not doing']"
76,qanda,"['Q and A', 'q and a']"
77,starwars,"['Star Wars', 'star wars']"
78,auremix,['au remix']
79,phillycodecamp,['philly code camp']
80,3wordsaftersex,['3 words after sex']
81,spoonies,['spoonies']
82,gfree,"['gfree', 'g free', 'Gfree']"
83,bacon,['bacon']
84,lostthegame,['lost the game']
85,DRWHO,['DR WHO']
86,electrohouse,['electro house']
87,eurovision,['eurovision']
88,Letmego,['Let me go']
89,3aaah,['3 aaah']
90,bck5,['bck5']
91,MusicMonday,"['music monday', 'Music Monday']"
92,vitaminwater,['vitamin water']
93,symp09,"['SYMP 09', 'symp 09', 'symp09']"
94,dissertation,['dissertation']
95,Nambu,['Nambu']
96,asylum,['asylum']
97,thegreendeath,['the green death']
98,bittorrent,"['Bit Torrent', 'bittorrent']"
99,omgimpatient,"['OMG impatient', 'omg impatient']"
100,BEAtwittyparty,['BEA twitty party']
101,letwellshavespotifybackonhercomputer,['let wells have spotify back on her computer']
102,icehockey,['ice hockey']
103,overload,['overload']
104,shaundiviney,"['Shaun Diviney', 'shaun diviney']"
105,twins,['twins']
106,heavyworkload,['heavy workload']
107,mustory,['mu story']
108,kitchenfire,['kitchen fire']
109,beaconHotel,['beacon Hotel']
110,camerafail,['camera fail']
111,JavaONE,['javaone']
112,democamp,"['demo camp', 'Demo camp', 'democamp']"
113,tags,['tags']
114,Emetrics,['Emetrics']
115,laker,['laker']
116,Moscato,['Moscato']
117,french,['french']
118,netprophet,"['netprophet', 'net prophet', 'NetProphet']"
119,FAIl,"['fail', 'FAIl']"
120,kimi,['kimi']
121,forex,['forex']
122,baseball,['baseball']
123,SArmy,['s army']
124,ubuntu,"['Ubuntu', 'ubuntu']"
125,volkswagen,['volkswagen']
126,earthquake,"['earthquake', 'Earthquake']"
127,summer09,"['summer 09', 'summer09', 'Summer 09']"
128,progrock,['prog rock']
129,muftyfail,['mufty fail']
130,twist,['twist']
131,Chestermere,['Chestermere']
132,rockbox,"['rockbox', 'Rockbox', 'rock box']"
133,futuresummit,"['future summit', 'Future Summit']"
134,hotlesbiantwitterlovin,['hot lesbian twitter lovin']
135,zachissexy,['zach is sexy']
136,copyediting,"['copyediting', 'copy editing']"
137,derby,['derby']
138,climb,['climb']
139,Ericsson,['Ericsson']
140,saveearl,"['save earl', 'save Earl']"
141,firefox,['firefox']
142,globalwarming,['global warming']
143,hbmf,['hbmf']
144,uprise,['uprise']
145,drobo,"['Drobo', 'drobo']"
146,followFriday,['follow friday']
147,yayman,['yay man']
148,Dayquil,"['Dayquil', 'DayQuil']"
149,tweetdare,"['tweetdare', 'tweet dare']"
150,bushfires,"['bushfires', 'Bushfires']"
151,boobadlosers,['boo bad losers']
152,stillsmokefree,"['still smoke free', 'still smokefree']"
153,ihaterotoscoping4eva,"['I hate rotoscoping 4eva', 'i hate rotoscoping 4eva']"
154,frehleyfriday,['frehley friday']
155,fuckyoufridays,['fuck you fridays']
156,SBdrinks,['SB drinks']
157,unfollowfriday,['unfollow friday']
158,brandwkshop,['brand wkshop']
159,digitalplanet,"['Digital Planet', 'digital planet']"
160,tek09,"['tek09', 'tek 09']"
161,teched09,"['TechEd 09', 'teched09', 'teched 09']"
162,Synology,['Synology']
163,Chrome,['Chrome']
164,thedailyshow,"['The Daily Show', 'the daily show']"
165,redwings,"['red wings', 'Red Wings']"
166,music,['music']
167,iphone,"['iphone', 'iPhone']"
168,waketraining,['wake training']
169,manics,['manics']
170,postdigital,['post digital']
171,trueblood,['true blood']
172,beatweetup,"['bea tweet up', 'bea tweetup']"
173,GMail,['GMail']
174,realitycheck,['reality check']
175,adtech,['adtech']
176,Brighton,['Brighton']
177,Pity,"['pity', 'Pity']"
178,jonasnewsongs,"['jonas new songs', 'Jonas new songs']"
179,sackofdicks,['sack of dicks']
180,GamePorts,['Game Ports']
181,Masterchef,"['Masterchef', 'Master chef']"
182,Indy,['Indy']
183,yahoo,['yahoo']
184,AllTimeLowSuckMoreCockThanAWellPaidWhore,"['All time low suck more cock than a well paid whore', 'All Time Low Suck More Cock Than A Well Paid Whore']"
185,aware,['aware']
186,rockplat,['rock plat']
187,bramblesfightback,"['brambles fight back', 'brambles fightback']"
188,ibmcf09,"['ibmcf 09', 'ibmcf09']"
189,beatwittyparty,['bea twitty party']
190,openhacklondon,"['openhacklondon', 'openhack london', 'open hack london']"
191,shoalsbiz,['shoals biz']
192,adamlambert,['adam lambert']
193,webmaster,['webmaster']
194,brasil,"['Brasil', 'brasil']"
195,satchat,"['satchat', 'sat chat']"
196,moanmonday,['moan monday']
197,sytycd,['sytycd']
198,LOST,['LOST']
199,pussycatisland,"['pussycat island', 'pussy cat island']"
200,kosherFAIL,"['kosher FAIL', 'Kosher fail']"
201,TwitterRemix,"['Twitter remix', 'Twitter Remix']"
202,tonightshow,['tonight show']
203,bluebox,"['blue box', 'Bluebox']"
204,myweakness,['my weakness']
205,BringTaraBack,"['bring Tara back', 'bring tara back']"
206,meltingaway,['melting away']
207,sobcon,['sob con']
208,terminator,['terminator']
209,tourdeblono,"['Tour de BloNo', 'tour de blono']"
210,Cookoutofthecentury,['Cookout of the century']
211,barcampbkk3,['bar camp bkk3']
212,india,['india']
213,nascar,"['nascar', 'Nascar']"
214,bostonmarathon,"['boston marathon', 'Boston marathon']"
215,swfoocamp,"['SW foo camp', 'sw foo camp', 'swfoo camp']"
216,Twedding,['Twedding']
217,Amsterdam,['Amsterdam']
218,podcastfriday,['podcast friday']
219,mishaneedschapstick,"['Misha needs chapstick', 'misha needs chapstick']"
220,notatleaky,['not at leaky']
221,savotes,"['SA votes', 'sa votes']"
222,3hotwords,['3 hot words']
223,robinson,['Robinson']
224,Glasgow,['glasgow']
225,Nuggets,['Nuggets']
226,native,['native']
227,Manure,['Manure']
228,dumball,"['dum ball', 'Dumball', 'dumball', 'dumb all']"
229,nucks,['nucks']
230,twpp,['twpp']
231,Marketing,['Marketing']
232,Hoppusday,['Hoppus day']
233,sharepoint,"['sharepoint', 'SharePoint']"
234,Coachella,['Coachella']
235,foodfail,['food fail']
236,inlineslalom,['inline slalom']
237,Graze,['Graze']
238,vancouver,['vancouver']
239,gnucash,"['gnu cash', 'GNU cash']"
240,r2picnic,['r2 picnic']
241,wvfn,"['wvfn', 'WVFN']"
242,lastfm,"['lastfm', 'last fm']"
243,illness,['illness']
244,bookblockade,['book blockade']
245,titsuptuesday,['tits up tuesday']
246,twitter4vg,['twitter 4 vg']
247,frankie95,"['frankie95', 'frankie 95', 'Frankie 95']"
248,spectrial,"['spectrial', 'spec trial']"
249,jazz,['jazz']
250,penilewords,['penile words']
251,sadrakeshaker09,"['sad rake shaker 09', 'Sad rake shaker 09', 'sadrakeshaker09']"
252,forecastfriday,['forecast friday']
253,frenchieb,['frenchie b']
254,hoppusday,"['Hoppus day', 'hoppus day']"
255,NATM2,"['NATM 2', 'NATM2']"
256,mhstrategy,"['mh strategy', 'MH strategy']"
257,sustainability,['sustainability']
258,savefoodday,['save food day']
259,fqfest,"['fq fest', 'FQ Fest', 'fqfest']"
260,topicmaps,['topic maps']
261,wearelasers,['we are lasers']
262,humpthestump,['hump the stump']
263,mymap,['my map']
264,suck,['suck']
265,cfobjective,"['cfobjective', 'cf objective']"
266,sickfriday,['sick friday']
267,amped180,"['amped180', 'Amped 180', 'amped 180']"
268,Dracula,['Dracula']
269,Apple,['Apple']
270,follwillfriday,"['foll will friday', 'Foll Will friday']"
271,dddsw,"['ddd sw', 'dddsw']"
272,redmango,"['red mango', 'Red Mango']"
273,newalbum,['new album']
274,EASactive,['eas active']
275,dogsitterfail,['dogsitter fail']
276,tv_addict,['tv _ addict']
277,hatton,"['hatton', 'Hatton']"
278,accidentshappen,['accidents happen']
279,scrubs,['scrubs']
280,srilanka,"['Sri Lanka', 'sri lanka']"
281,HollywoodRcds,['Hollywood Rcds']
282,familyforce5,['family force 5']
283,democratic,['democratic']
284,3stalkerwords,['3 stalker words']
285,wind,['wind']
286,bpark,"['b park', 'BPark', 'B Park']"
287,idmfinal,['idm final']
288,ilostthegame,['i lost the game']
289,Canes,['Canes']
290,moosetracks,['moose tracks']
291,britainsgottalent,"['britains got talent', 'britain s got talent']"
292,TEDxTokyo,"['TEDxTokyo', 'TEDx Tokyo']"
293,muffin,['muffin']
294,KrispyKreme,['Krispy Kreme']
295,vampirebeatles,['vampire beatles']
296,skaterhockey,['skater hockey']
297,fieldnotes,['field notes']
298,sonysucks,"['Sony sucks', 'sony sucks']"
299,dddscot,"['dddscot', 'ddd scot']"
300,microsoftfail,"['Microsoft fail', 'microsoft fail']"
301,TheBrick,['The Brick']
302,spinto,['spin to']
303,MICA,['MICA']
304,spotify,['spotify']
305,asylm,['asylm']
306,Paperwork,['Paperwork']
307,SaveDollhouse,"['Save Dollhouse', 'save Dollhouse']"
308,bikeTO,"['bike to', 'bike TO']"
309,Sehnsucht,['Sehnsucht']
310,wheniwerealad,"['when I were a lad', 'when i were a lad']"
311,windows7,['windows 7']
312,startrek,"['Star Trek', 'star trek']"
313,railsconf,"['Rails Conf', 'rails conf']"
314,Migraine,['Migraine']
315,policestate,['police state']
316,makehistori,['make histori']
317,amcmain,"['AMC main', 'amc main']"
318,jaljeera,"['jaljeera', 'jaljeera', 'jal jeera', 'jal jeera']"
319,sawman,"['Sawman', 'sawman']"
320,Tamil,['Tamil']
321,mdsw,"['mdsw', 'MDSW']"
322,swans,"['swans', 'Swans']"
323,antiboyle,"['anti boyle', 'antiboyle', 'anti boyle', 'anti Boyle']"
324,30SECONDSTOMARS,['30 SECONDS TO MARS']
325,kelloggs,['kelloggs']
326,absolutionrising,['absolution rising']
327,insomnia,['insomnia']
328,Berbatov,['Berbatov']
329,mileybrazil,"['miley brazil', 'Miley Brazil']"
330,singleminded,"['singleminded', 'single minded']"
331,farpoll,['far poll']
332,Kulula,['Kulula']
333,PrisonBreak,['Prison Break']
334,rstats,"['r stats', 'rstats']"
335,owjen,['owjen']
336,thehills,"['The Hills', 'the hills']"
337,Adobe,"['adobe', 'Adobe']"
338,ShuaBq,['ShuaBq']
339,marriedlife,['married life']
340,wherecamp,"['wherecamp', 'where camp']"
341,wish27,['wish 27']
342,RSD09,['RSD 09']
343,secondlife,['second life']
344,pinoy,"['pinoy', 'Pinoy']"
345,magicalmoms,['magical moms']
346,SUPA,['SUPA']
347,SNL,"['snl', 'SNL']"
348,MyPowerBookG4RIP,['My PowerBook G4 RIP']
349,LAftw,"['Laf tw', 'LA ftw', 'LAftw']"
350,Terminator4,['Terminator 4']
351,lookingatpaintcoloursagain,['looking at paint colours again']
352,Evernote,['Evernote']
353,homeless,['homeless']
354,weight,['weight']
355,alohafriday,['aloha friday']
356,interop,"['interop', 'Interop']"
357,house,['house']
358,SMCSea,['SMC Sea']
359,theofficenbc,['the office nbc']
360,iheartsyouharderlikewhoa,"['I hearts you harder like whoa', 'i hearts you harder like whoa']"
361,whataburger,"['what a burger', 'whataburger']"
362,Wolverine,['Wolverine']
363,TMMM,['TMMM']
364,xmen,"['xmen', 'x men', 'x men', 'XMen', 'X Men']"
365,applefail,['apple fail']
366,betterdays,['better days']
367,giro,"['giro', 'Giro']"
368,arashi,['arashi']
369,nopants,['no pants']
370,subway,['subway']
371,canada,['canada']
372,NHLPlayoffs,['NHL Playoffs']
373,starwarsday,"['star wars day', 'Star Wars day']"
374,simpleplan,['simple plan']
375,shibaricon,"['shibaricon', 'shibari con']"
376,LOFNOTC,['lofnotc']
377,wolverine,['wolverine']
378,SAPInsidetrack,['SAP Inside track']
379,gadgetshowlive,['gadget show live']
380,health,['health']
381,storyofmylife,['story of my life']
382,lazyeye,['lazy eye']
383,Heineken,['Heineken']
384,fantasysurfer,['fantasy surfer']
385,lenoleaves,['leno leaves']
386,download2009,"['download 2009', 'Download 2009']"
387,red,['red']
388,laddas,['laddas']
389,freerealms,['free realms']
390,DavidArchuleta,['David Archuleta']
391,asp,"['asp', 'ASP']"
392,tastecamp,"['taste camp', 'tastecamp']"
393,cars,['cars']
394,imdeprivedtonightandidontlikeit,"['Im deprived tonight and i dont like it', 'I m deprived tonight and i don t like it']"
395,AutomationAtaCost,"['Automation At a Cost', 'Automation at a cost']"
396,VS2010,['VS 2010']
397,bulls,['bulls']
398,graze,['graze']
399,Penguins,['penguins']
400,uptonogood,['up to no good']
401,NOFAKERY,"['NO FAKERY', 'no fakery']"
402,W,['W']
403,twumpet,['twumpet']
404,dispatches,['dispatches']
405,antifunny,"['anti funny', 'antifunny', 'anti funny', 'antifunny']"
406,revision3,['revision 3']
407,campjitterbug,"['camp jitterbug', 'Camp Jitterbug']"
408,training,['training']
409,morningjoe,['morning joe']
410,chickintrain,['chick in train']
411,procycling,"['pro cycling', 'procycling']"
412,WishfulThinking,['Wishful Thinking']
413,WolframAlpha,"['wolfram alpha', 'Wolfram Alpha']"
414,h1n1,"['H1N1', 'h1n1']"
415,fixreply,['fix reply']
416,posscon,"['posscon', 'POSS con', 'poss con']"
417,Arsenal,['Arsenal']
418,cubbies,['cubbies']
419,yaymen,['yay men']
420,badmicrosoft,"['bad microsoft', 'bad Microsoft']"
421,a11y,['a11y']
422,riesling,"['riesling', 'Riesling']"
423,Cannes,['Cannes']
424,Eurovision,['Eurovision']
425,nufc,"['NU FC', 'nufc']"
426,sarcasm,['sarcasm']
427,stargirlinspace,['star girl in space']
428,poynterday,['poynter day']
429,istherecessionoveryet,['is the recession over yet']
430,Adelaide,['Adelaide']
431,SSMTUP,['SSMTUP']
432,l3ree,['l3ree']
433,tennis,['tennis']
434,toulouse,"['toulouse', 'Toulouse']"
435,GA2009,"['GA 2009', 'GA2009']"
436,dailyexercise,['daily exercise']
437,harrymcflytosing,"['Harry McFly to sing', 'harry mcfly to sing', 'harry mc fly to sing']"
438,HenryWoodHouse,"['Henry WoodHouse', 'Henry Wood House', 'Henry Wood house']"
439,woozywednesday,['woozy wednesday']
440,barcamphanoi,"['bar camp hanoi', 'barcamp hanoi']"
441,singhbca,['singh bca']
442,indiavotes09,"['india votes 09', 'India Votes 09']"
443,whatshappening,"['whats happening', 'what s happening', 'whats happening']"
444,notlikely,['not likely']
445,wossybookclub,['wossy book club']
446,wset,['wset']
447,ncfc,['ncfc']
448,boredboots,['bored boots']
449,Monday,['Monday']
450,fixreplies,['fix replies']
451,hiresweetsofgeorgia,['hire sweets of georgia']
452,nigella,"['nigella', 'Nigella']"
453,rails,"['Rails', 'rails']"
454,gayforpeavy,['gay for peavy']
455,mothersday,"['Mothers day', 'Mother s day', 'mothers day', 'mothers day', 'mother s day']"
456,notetogod,['note to god']
457,widgets,['widgets']
458,FLETCHERDAY,"['FLETCHER DAY', 'Fletcher day']"
459,coldremedy,['cold remedy']
460,TintedWindows,"['Tinted Windows', 'tinted windows']"
461,Bashmash,"['Bashmash', 'Bash mash']"
462,cityrail,"['city rail', 'cityrail']"
463,pc09,"['pc09', 'pc 09', 'PC 09']"
464,geekmeet,"['geekmeet', 'geek meet']"
465,gfail,['gfail']
466,thebeat,['the beat']
467,puntastrophe,"['puntastrophe', 'punt astrophe']"
468,VirtualKiss,['Virtual Kiss']
469,iloseweight,"['i lose weight', 'I lose weight']"
470,technologicalracism,['technological racism']
471,tweetb4Ueat,['tweet b4 U eat']
472,posthunt09,"['post hunt 09', 'PostHunt 09']"
473,pawpawty,['paw pawty']
474,tuttle,['tuttle']
475,primavera,['primavera']
476,Borderliner,['Border liner']
477,apprentice,['apprentice']
478,twitteriffic,"['twitteriffic', 'twit teriffic']"
479,last,['last']
480,16,['16']
481,posthunt,['post hunt']
482,mcfly,['mcfly']
483,plowed,['plowed']
484,badoptus,['bad optus']
485,tff2009,['tff 2009']
486,DKAJ,['DKAJ']
487,Dutchlessons,['Dutch lessons']
488,sulax,['sulax']
489,bradiewebb,['bradie webb']
490,kindle,['kindle']
491,indiavotes,['india votes']
492,crumpets,['crumpets']
493,Sixx,['Sixx']
494,favoriteicecream,['favorite icecream']
495,3turnoffwords,['3 turnoff words']
496,Fails,['Fails']
497,formula1,"['Formula1', 'formula 1']"
498,vfth,['vfth']
499,Chicago,['Chicago']
500,frinightfever,['fri night fever']
501,hashtags,['hashtags']
502,Tori,['Tori']
503,nml09,"['nml 09', 'NML 09', 'nml09']"
504,WTCC,['WTCC']
505,Breakingbad,"['Breaking bad', 'Breaking Bad']"
506,nationofidiots,['nation of idiots']
507,spsdc,['spsdc']
508,Coktup,['Coktup']
509,leafs,['leafs']
510,georgemichael,['george michael']
511,breakfast,['breakfast']
512,Angels,['Angels']
513,inews,['i news']
514,famouslovelies,['famous lovelies']
515,ahbl,"['ahbl', 'AHBL']"
516,zappnlaunch,"['Zappn launch', 'zappn launch']"
517,awaresg,['aware sg']
518,logies,['logies']
519,MissUSA,['Miss USA']
520,next09,"['next09', 'next 09', 'NEXT 09']"
521,gravity,['gravity']
522,SEAF,['SEAF']
523,therapyfail,['therapy fail']
524,FifthSummit,['Fifth Summit']
525,futr09,"['futr09', 'futr 09', 'FUTR 09']"
526,iphonedev,['iphone dev']
527,WordPress,['WordPress']
528,hurling,['hurling']
529,barcampbham,['barcamp bham']
530,ukrds,"['uk rds', 'UKRDS', 'ukrds']"
531,fireworks,['fireworks']
532,childofthe80s,"['child of the 80s', 'child of the 80s', 'child of the 80 s']"
533,ldow2009,"['lDOW 2009', 'ldow 2009', 'ldow2009']"
534,pixeltamer,['pixel tamer']
535,tbarcamp,"['t barcamp', 't bar camp']"
536,quote,['quote']
537,nedfail,"['Ned fail', 'ned fail']"
538,geeksonaplane,['geeks on a plane']
539,wieters,"['wieters', 'Wieters']"
540,victoria,"['Victoria', 'victoria']"
541,flashcamp,['flash camp']
542,GrandEastAngliaRun,['Grand East Anglia Run']
543,iabnet,['iabnet']
544,homegame,['home game']
545,tracy,['tracy']
546,bsg,['bsg']
547,23andme,['23 and me']
548,PhotoFollows,"['photo follows', 'Photo Follows']"
549,nickdarcy,['nick darcy']
550,weshouldfindout,['we should find out']
551,pyggy,['pyggy']
552,DeathSponge,"['Death Sponge', 'DeathSponge']"
553,windows,['windows']
554,flyertalk,['flyer talk']
555,chicago,"['Chicago', 'chicago']"
556,metal,['metal']
557,picturesforsadchildren,['pictures for sad children']
558,redsox,['red sox']
559,sigjeans,"['Sig jeans', 'sig jeans']"
560,roadtwip,"['road twip', 'roadtwip']"
561,OHIOis4thrillaz,"['OHIO is 4 thrillaz', 'Ohio is 4 thrillaz']"
562,movie,['movie']
563,stuckrecord,['stuck record']
564,orkut,['orkut']
565,buildyourbrand,['build your brand']
566,yankees,['yankees']
567,sigma,"['Sigma', 'sigma']"
568,followweek,['follow week']
569,jonaswebcast,"['jonas webcast', 'Jonas webcast']"
570,kwinanafreeway,"['kwinana freeway', 'Kwinana freeway']"
571,bTrendie,['bTrendie']
572,moodswings,['mood swings']
573,feelingsorryformyself,['feeling sorry for myself']
574,CPSIA,['CPSIA']
575,WWDCs,"['WWDCs', 'WWDCs', 'WWDC s', 'WWDC s']"
576,itotallymissedyourface,['i totally missed your face']
577,goodlife,['good life']
578,divorceparty,['divorce party']
579,v2powercut,['v2 power cut']
580,hungee,['hungee']
581,Rangers,['Rangers']
582,Flylady,"['Fly lady', 'Flylady']"
583,bookmooch,['book mooch']
584,SavEarl,['Sav Earl']
585,Twins,['Twins']
586,damnheroin,['damn heroin']
587,imissyourfacewhenyouregone,"['i miss your face when youre gone', 'i miss your face when you re gone']"
588,typo3,"['typo3', 'typo 3', 'TYPO3']"
589,deadliestcatch,['deadliest catch']
590,tweetcoding,"['tweetcoding', 'tweet coding']"
591,woot,['woot']
592,antipatterns,['anti patterns']
593,mumbai,"['mumbai', 'Mumbai']"
594,fordaisy,['for daisy']
595,dateline,"['dateline', 'date line']"
596,twunes,['twunes']
597,insanedefaults,['insane defaults']
598,bioniccommando,['bionic commando']
599,failwhale,['fail whale']
600,skytools,"['SkyTools', 'skytools']"
601,hatemonday,['hate monday']
602,babysongsongisallilknownow,"['baby song song is all Il know now', 'baby song song is all I l know now']"
603,fiestamovement,"['Fiesta Movement', 'fiesta movement']"
604,Earthquake,['earthquake']
605,TDCag,"['TDCag', 'TDC ag']"
606,goodluck,['good luck']
607,hac5,"['HAC 5', 'hac 5', 'hac5']"
608,photography,['photography']
609,TeamBritney,['Team Britney']
610,imadeprivedchild,"['Im a deprived child', 'I m a deprived child']"
611,mpexpenses,['mp expenses']
612,DUMBfriendthatzme,"['DUMB friend thatz me', 'dumb friend thatz me']"
613,amazon,['amazon']
614,TYLER,"['Tyler', 'TYLER']"
615,Twitarrr,['Twitarrr']
616,bluray,"['bluray', 'blu ray']"
617,vconqr,"['vconqr', 'vConqr']"
618,polaroid,['polaroid']
619,28fresh,['28 fresh']
620,Samaya,['Samaya']
621,Colorado,['Colorado']
622,ASOT400,"['ASOT400', 'ASOT 400']"
623,livescribe,['livescribe']
624,whuffie,['whuffie']
625,boycottnick,['boycott nick']
626,ninjatweet,['ninja tweet']
627,middlenamethursday,['middle name thursday']
628,ManUtd,['Man Utd']
629,TweetItUp,"['tweet it up', 'Tweet It Up']"
630,NHLtweetup,['NHL tweetup']
631,rollcall,"['rollcall', 'roll call']"
632,SantaBarbara,['Santa Barbara']
633,hburgnews,"['hburg news', 'hburgnews']"
634,notreally,['not really']
635,edtech09,"['edtech 09', 'ed tech 09']"
636,FelipeBaby,['Felipe Baby']
637,leedsunited,"['Leeds United', 'leeds united']"
638,ohnoyoudidnt,"['oh no you didnt', 'oh no you didn t']"
639,Moab,['Moab']
640,lofnotc,['lofnotc']
641,travis,"['travis', 'Travis']"
642,goodnight,['good night']
643,imjustsayin,"['Im just sayin', 'I m just sayin']"
644,comicreliefparty,['comic relief party']
645,pissedoff,"['pissedoff', 'pissed off', 'pissed off']"
646,xboxe3,"['xbox e3', 'Xbox E3']"
647,fail,['fail']
648,virginmedia,"['Virgin media', 'virgin media']"
649,terriblekittymom,['terrible kitty mom']
650,leopard,['leopard']
651,mikeywayday,['mikey way day']
652,lakers,"['Lakers', 'lakers']"
653,fails,['fails']
654,rozsavage,['roz savage']
655,MotoGP,['MotoGP']
656,TEMPLES,['TEMPLES']
657,bentobox,['bento box']
658,Firebox,['Firebox']
659,flyfishing,"['flyfishing', 'fly fishing']"
660,nightmare,['nightmare']
661,wheniwerealass,"['when i were a lass', 'when I were a lass']"
662,projectaware,['project aware']
663,pdxcc09,"['pdxcc 09', 'PDX CC 09', 'pdxcc09']"
664,Ladytron,['Ladytron']
665,woo,['woo']
666,geekcamp,"['geek camp', 'geekcamp']"
667,ntw09,"['ntw09', 'ntw 09', 'NTW 09']"
668,twiparty,"['twi party', 'twiparty']"
669,flickr,"['Flickr', 'flickr']"
670,FAIL,['FAIL']
671,greenday,"['Green Day', 'green day']"
672,eventtrack,['event track']
673,nambu,"['Nambu', 'nambu']"
674,facepalm,"['facepalm', 'facepalm', 'face palm', 'face palm']"
675,BEA09,"['BEA09', 'BEA 09']"
676,Indycar,"['Indycar', 'indycar', 'IndyCar']"
677,twithugs,['twit hugs']
678,bigdealmoms,['big deal moms']
679,gwibber,"['Gwibber', 'gwibber']"
680,wakeskate,['wakeskate']
681,webinale,['webinale']
682,coffee,['coffee']
683,favoritemovie,['favorite movie']
684,grandrapids,['grand rapids']
685,MWYDA,['MWYDA']
686,followArt,"['followArt', 'follow Art']"
687,Migraines,['Migraines']
688,asstrending,['ass trending']
689,Limeisback,['Lime is back']
690,forourhero,['for our hero']
691,GlobalMarijuanaMarch,['Global Marijuana March']
692,bnetraffic,"['bne traffic', 'BNE traffic', 'BNETraffic']"
693,Morrissey,['Morrissey']
694,IDPRelief,['IDP Relief']
695,websitefail,['website fail']
696,rejectprop8,"['reject prop 8', 'reject prop 8']"
697,Tweetie,['Tweetie']
698,Steve,['Steve']
699,tltsym09,"['TLT SYM 09', 'tltsym09', 'tltsym 09', 'tlt sym 09']"
700,gojaysgo,"['go jays go', 'go Jays go']"
701,liloven,"['lil oven', 'lil  oven', 'lil oven', 'lil oven', 'li l oven', 'lil Oven']"
702,fringefailure,['fringe failure']
703,smxlondon,"['smx london', 'SMX London']"
704,savechuck,"['save Chuck', 'save chuck']"
705,tweetjack,['tweet jack']
706,DEMF,['DEMF']
707,cua09,"['cua 09', 'CUA 09', 'cua09']"
708,SaveMeFromHell,['Save Me From Hell']
709,cancer,['cancer']
710,140Sunday,['140 Sunday']
711,WNTW,['WNTW']
712,epicfail,['epic fail']
713,mountainjam,['mountain jam']
714,lulz,['lulz']
715,delongeday,['delonge day']
716,kettlebells,['kettlebells']
717,linux,['linux']
718,aacr,['aacr']
719,xmenorigins,"['xmen origins', 'xmen origins', 'x men origins']"
720,dunkindonuts,['dunkin donuts']
721,Canucks,['Canucks']
722,cramps,['cramps']
723,punchdrunk,['punchdrunk']
724,tweetie,['tweetie']
725,30secondstomars,['30 seconds to mars']
726,sambradley,"['sam bradley', 'Sam Bradley']"
727,LOSNOTC,['losnotc']
728,mf09,"['mf 09', 'mf09', 'MF 09']"
729,s1e8,"['s1e8', 's1 e8']"
730,PaperHeroes,['Paper Heroes']
731,fifthsummit,['fifth summit']
732,bees,['bees']
733,beta1,"['beta1', 'beta 1']"
734,Bangalore,['Bangalore']
735,chromesucks,['chrome sucks']
736,SanctuarySunday,"['Sanctuary Sunday', 'sanctuary sunday']"
737,Heroes,['Heroes']
738,tweetup,"['tweetup', 'tweet up']"
739,pussycatis,['pussy cat is']
740,canucks,['canucks']
741,twssthurs,['twss thurs']
742,photog,['photog']
743,euroko,['euroko']
744,cloudfail,['cloud fail']
745,googlechrome,"['Google Chrome', 'google chrome']"
746,idiotictwitterapps,['idiotic twitter apps']
747,togs,['togs']
748,mancity,"['Man City', 'man city']"
749,SemperFidelis,['Semper Fidelis']
750,adlounge,['ad lounge']
751,photos,['photos']
752,mayhemcrew,['mayhem crew']
753,munlei,"['munlei', 'MUNLEI']"
754,largepussy,['large pussy']
755,badtiming,['bad timing']
756,scrapbook,['scrapbook']
757,crapsoaplines,['crap soap lines']
758,maximopark,['maximo park']
759,Wolves,['Wolves']
760,maternalhealth,['maternal health']
761,twittertakeover,['twitter takeover']
762,spain,"['spain', 'Spain']"
763,deathwhale,['death whale']
764,TWOHANDSFLETCHER,"['two hands FLETCHER', 'TWO HANDS FLETCHER']"
765,Spiritual,"['Spiritual', 'spiritual']"
766,erlang,"['erlang', 'Erlang']"
767,ridetowork,['ride to work']
768,iihfhockey,['iihf hockey']
769,noctweetup,['noc tweetup']
770,Virgin,['Virgin']
771,pbr09,"['PBR 09', 'pbr09', 'pbr 09']"
772,3words,['3 words']
773,Ducks,['Ducks']
774,ravelry,"['Ravelry', 'ravelry']"
775,indy500,['indy 500']
776,redshirts,['redshirts']
777,error,['error']
778,socialmediatv,['social media tv']
779,barcamporlando,"['bar camp orlando', 'barcamp orlando']"
780,biking,['biking']
781,bigweekend,['big weekend']
782,futuresonic,"['future sonic', 'futuresonic']"
783,OMGSWINEFLU,['OMG SWINE FLU']
784,randomfacts,['random facts']
785,bcp3,"['bcp 3', 'BCP 3', 'bcp3']"
786,notacon,"['notacon', 'Notacon', 'not a con']"
787,truecrypt,['truecrypt']
788,surface,['surface']
789,expenses,['expenses']
790,letdown,['letdown']
791,secretmission,['secret mission']
792,esc09,['ESC 09']
793,lostarg,"['LostARG', 'lostarg', 'lost arg']"
794,itsucks,['it sucks']
795,Halo3,['Halo 3']
796,SIXX,"['Sixx', 'SIXX']"
797,Easter,['Easter']
798,jrztwitterlunch,"['jrz twitter lunch', 'JRZ twitter lunch']"
799,weathermenRneverright,['weathermen R never right']
800,italy,['italy']
801,twitterisstoooooooooopid,['twitter is stoooooooooopid']
802,pawparty,['paw party']
803,imbot,"['IMbot', 'imbot']"
804,pooram,['pooram']
805,Surface,['Surface']
806,Flashpoint,['Flashpoint']
807,sgtweetup,['sg tweet up']
808,followfriday,['follow friday']
809,heartbreak,['heartbreak']
810,9,['9']
811,platformbiased,['platform biased']
812,hndate,"['HN Date', 'hn date', 'HN date']"
813,schooltime,['school time']
814,tweetdeck,['tweetdeck']
815,flyingpig,['flying pig']
816,ia2009,"['ia 2009', 'ia2009']"
817,WiiFit,['Wii Fit']
818,Without,['Without']
819,Barcelona,['Barcelona']
820,euruko,['euruko']
821,walmart,"['Walmart', 'walmart']"
822,backgroundimage,['background image']
823,Bristol,['Bristol']
824,jealous,['jealous']
825,dogwalkers,['dog walkers']
826,Lomo,['Lomo']
827,TheGreenTeen,['The Green Teen']
828,PistolWink,['Pistol Wink']
829,lacrosse,['lacrosse']
830,lupus,['lupus']
831,A1GP,"['A1 GP', 'A1GP']"
832,indonesia,"['indonesia', 'Indonesia']"
833,fortworth,['fort worth']
834,4networking,['4 networking']
835,ICTEV09,"['ICTEV 09', 'ictev09']"
836,riff,['riff']
837,comet09,"['comet 09', 'COMET 09', 'comet09']"
838,OppositeTuesday,"['Opposite Tuesday', 'opposite tuesday']"
839,sccr18,"['sccr18', 'sccr 18', 'SCCR 18']"
840,the,['the']
841,misshimalready,['miss him already']
842,iPhone,"['iphone', 'iPhone']"
843,itouch,"['itouch', 'iTouch']"
844,bersetzen,['bersetzen']
845,cusswords,"['cuss words', 'Cuss words']"
846,amazonfail,"['amazon fail', 'Amazon fail']"
847,climberpickup,['climber pickup']
848,2wkfilm,['2 wk film']
849,sustnow,['sust now']
850,moustachefail,['moustache fail']
851,Bored,"['bored', 'Bored']"
852,musicmonday,"['music Monday', 'music monday']"
853,bea09,"['bea09', 'BEA 09', 'bea 09']"
854,painbuddies,['pain buddies']
855,RCCar,['RC Car']
856,Stabbity,['Stabbity']
857,Ambients,['Ambients']
858,StarTrek,['star trek']
859,blog,['blog']
860,malwarebytes,"['malwarebytes', 'Malwarebytes']"
861,perth,"['perth', 'Perth']"
862,Starbucks,['Starbucks']
863,GoogleChrome,['google chrome']
864,LBF09,['LBF 09']
865,News,"['News', 'news']"
866,feastfriday,['feast friday']
867,teched,['teched']
868,Leinster,['Leinster']
869,legendoftheseeker,['legend of the seeker']
870,robiecreek,['robie creek']
871,nightshift,['night shift']
872,screengrab09,"['screen grab 09', 'screengrab 09']"
873,Drupal,['Drupal']
874,gripe,['gripe']
875,Dollhouse,['Dollhouse']
876,early,['early']
877,SGA,"['SGA', 'sga']"
878,winplaylist,['win playlist']
879,Genocide,['Genocide']
880,Chrysler,['Chrysler']
881,everton,"['everton', 'Everton']"
882,amp,['amp']
883,CakePHP,['CakePHP']
884,twitterfon,"['twitter fon', 'twitterfon']"
885,tangothursdays,['tango thursdays']
886,lost,['lost']
887,mypenis,['my penis']
888,Eelam,['Eelam']
889,miracle,['miracle']
890,Scarlet,['Scarlet']
891,yarratrams,['yarra trams']
892,palmpre,['palm pre']
893,macbooks,['macbooks']
894,Bones,['Bones']
895,baristawannabe,['barista wannabe']
896,googlewtf,"['google wtf', 'Google WTF']"
897,z0S09,['z0S09']
898,friendfail,['friend fail']
899,ChrisFlu,['chris flu']
900,Summers,"['Summers', 'summers']"
901,g4c09,"['g4c 09', 'g4c09', 'G4C 09']"
902,google,['google']
903,Ayrton,['Ayrton']
904,NKTOB,['NKTOB']
905,tbilnewmedia,['tbil new media']
906,twitter,"['Twitter', 'twitter']"
907,bluepeter,['blue peter']
908,gmail,"['Gmail', 'gmail']"
909,Famished,['Famished']
910,NHLTweetup,"['nhl tweetup', 'NHL tweetup']"
911,racialprofiling,['racial profiling']
912,aces2009,"['aces2009', 'aces 2009', 'ACES 2009']"
913,lobster,['lobster']
914,election,['election']
915,swineflu,"['Swine Flu', 'swine flu']"
916,underbelly,['underbelly']
917,UPSsucks,['UPS sucks']
918,BreakingBad,['Breaking Bad']
919,flaxandfiberfriday,['flax and fiber friday']
920,TwitterTakeover,"['Twitter takeover', 'twitter takeover']"
921,saveEarl,['save Earl']
922,celebrityapprentice,['celebrity apprentice']
923,Peoria,['Peoria']
924,perltweet,['perl tweet']
925,SAPPHIRE09,['SAPPHIRE 09']
926,Pompey,['Pompey']
927,votemcfly,"['vote mcfly', 'vote McFly']"
928,Facebook,['Facebook']
929,pol09,"['POL 09', 'pol09', 'pol 09']"
930,gfymonday,['gfy monday']
931,Throwback,['Throwback']
932,sv2009,"['sv2009', 'SV 2009', 'sv 2009']"
933,JapanTechTalk,['Japan Tech Talk']
934,EFTPOS,['EFTPOS']
935,bamboozle,['bamboozle']
936,SaveEarl,['Save Earl']
937,Karachi,['Karachi']
938,lightboxes,['lightboxes']
939,visialvoicemail,['visial voicemail']
940,theinbetweeners,['the inbetweeners']
941,twdn,"['TWDN', 'twdn']"
942,kilaumeet,"['kilau meet', 'Kilau meet']"
943,kidsmin,['kids min']
944,sleeplessinseattle,['sleepless in seattle']
945,nevergonnamounttanuthin,"['never gonna mount ta nuthin', 'never gonna mount ta nuthin ', 'never gonna mount ta nuthin', 'never gonna mount ta nuthin', 'never gonna  mount ta nuthin ']"
946,uxcb09,['uxcb09']
947,web2,"['web 2', 'Web 2']"
948,stupidworksuxes,['stupid work suxes']
949,hillhouse,"['hill house', 'hillhouse']"
950,Outdoors,['outdoors']
951,throwback,['throwback']
952,Kindle,['Kindle']
953,toughlove,['tough love']
954,fridayfirehazzard,['friday fire hazzard']
955,brighton,"['Brighton', 'brighton']"
956,postgresql,['postgresql']
957,ukpubs,['uk pubs']
958,netflix,"['netflix', 'Netflix']"
959,typenerd,['type nerd']
960,coffeeclub,['coffee club']
961,metaverseu,"['metaverse u', 'metaverseu']"
962,EuroDjangoCon,"['Euro DjangoCon', 'Euro Django Con']"
963,melbourne,"['melbourne', 'Melbourne']"
964,SATO48,"['SATO48', 'SATO 48']"
965,joomla,"['joomla', 'Joomla']"
966,OmniGraffle,['OmniGraffle']
967,Fellowes,['Fellowes']
968,azure,['azure']
969,ophcrack,"['Ophcrack', 'oph crack', 'ophcrack']"
970,Marley,['Marley']
971,noagenda,['no agenda']
972,Stansted,['Stansted']
973,Mesh09,"['Mesh 09', 'MESH 09', 'mesh09']"
974,jayleno,"['jay leno', 'Jay Leno']"
975,rpattz,['rpattz']
976,goldenopportunitymissed,['golden opportunity missed']
977,uollts,['uollts']
978,primal,['primal']
979,coffeclub,"['Coffe Club', 'coffe club']"
980,Hawks,['Hawks']
981,socks,['socks']
982,TYGaman,"['TYGa man', 'TYGaman']"
983,EdAust09,"['EdAust09', 'EdAust 09', 'Ed Aust 09']"
984,weather,['weather']
985,Storm,['storm']
986,IVAA09,['IVAA 09']
987,simeonhobbes,"['Simeon Hobbes', 'simeon hobbes']"
988,warisfucked,['war is fucked']
989,Twitterwhore,['Twitter whore']
990,barcodes,['barcodes']
991,EdTweetup,['Ed Tweetup']
992,PNLC,['PNLC']
993,openmoko,['openmoko']
994,spam,['spam']
995,jonasparanoid,"['Jonas paranoid', 'jonas paranoid']"
996,hotasspact2009,['hot ass pact 2009']
997,shoptoearn,['shop to earn']
998,FlingoutFriday,['Fling out Friday']
999,fullmooncrazy,['full moon crazy']
1000,trendfixing,['trend fixing']
1001,ica09,"['ica 09', 'ica09', 'ICA 09']"
1002,conservation,['conservation']
1003,flylady,"['FlyLady', 'flylady']"
1004,Ubuntu,['Ubuntu']
1005,twitterfail,['twitter fail']
1006,cowfriday,['cow friday']
1007,cricket,['cricket']
1008,tcaf,"['TCAF', 'tcaf']"
1009,TBarcamp,['T Barcamp']
1010,TweetDeck,['Tweet Deck']
1011,readathon,['readathon']
1012,lastmasters,['last masters']
1013,FollowFriday,['Follow Friday']
1014,grammarnazi,['grammar nazi']
1015,DSAA09,"['DSAA09', 'DSAA 09']"
1016,TalkingHeads,['Talking Heads']
1017,Croatia,['Croatia']
1018,xbox360,['Xbox 360']
1019,metameets,['meta meets']
1020,Lahore,['Lahore']
1021,Irish,['Irish']
1022,pelc09,['pelc 09']
1023,genealogy,['genealogy']
1024,smcchicago,['smc chicago']
1025,geocaching,['geocaching']
1026,House,['House']
1027,dollhouse,['dollhouse']
1028,GreenDay,['Green Day']
1029,lostfanfail,['lost fan fail']
1030,sleepdeprived,['sleep deprived']
1031,twiist,['twiist']
1032,shitstack,['shit stack']
1033,rrtheatre,"['RR theatre', 'rr theatre']"
1034,unnecessary_shit,['unnecessary _ shit']
1035,bizcase,['biz case']
1036,gamearena,['game arena']
1037,Glasto,['Glasto']
1038,strategicClock,['strategic Clock']
1039,ifast,"['ifast', 'I fast']"
1040,bupa10k,"['bupa 10k', 'BUPA 10k']"
1041,hamr,"['HAMR', 'hamr']"
1042,acen,['acen']
1043,Nats,['nats']
1044,WaltzWithBashir,['Waltz With Bashir']
1045,costsavings,['cost savings']
1046,startrekarg,['star trek arg']
1047,starbucks,['starbucks']
1048,shortcakefail,['shortcake fail']
1049,atltweet,['atl tweet']
1050,howling,['howling']
1051,rightturn,['right turn']
1052,saltwater,['salt water']
1053,Wii,['Wii']
1054,geocache,['geocache']
1055,keysinmahcar,['keys in mah car']
1056,squirrel,['squirrel']
1057,psychunitentertainment,['psych unit entertainment']
1058,oxteach,"['ox teach', 'oxteach']"
1059,Kelloggs,['Kelloggs']
1060,noundiessunday,['no undies sunday']
1061,ipv6summit,['IPv6 Summit']
1062,sparkpeople,"['spark people', 'sparkpeople']"
1063,emcworld,"['EMC world', 'emc world']"
1064,shortstack,"['short stack', 'ShortStack', 'Short Stack']"
1065,bremen,"['Bremen', 'bremen']"
1066,startup2startup,"['start up 2 start up', 'startup 2 startup', 'start up 2 start up', 'startup 2 startup']"
1067,cravingsomethingsweet,['craving something sweet']
1068,TCOT,['tcot']
1069,Batman,['Batman']
1070,WhyITweet,['Why I Tweet']
1071,Diigo,['Diigo']
1072,Lions09,['Lions 09']
1073,nocar,['no car']
1074,oew0509,['oew0509']
1075,twat,['twat']
1076,revision,['revision']
1077,SongStuckInMyHeadWhenIWokeUp,"['Song Stuck In My Head When I Woke Up', 'song stuck in my head when I woke up']"
1078,sunshine,['sunshine']
1079,webraising,['web raising']
1080,monday,['monday']
1081,whuffaoke,"['Whuffaoke', 'whuffaoke']"
1082,unfollowdiddy,['unfollow diddy']
1083,ignitesydney,['ignite sydney']
1084,football,['football']
1085,bringbacklife,['bring back life']
1086,djangocon,"['djangocon', 'django con', 'Django Con']"
1087,DaleBrown,['Dale Brown']
1088,bcleeds09,"['BC Leeds 09', 'bc leeds 09', 'bcleeds 09', 'bcleeds09']"
1089,140tc,"['140 tc', '140tc']"
1090,hurt,['hurt']
1091,finals,['finals']
1092,teched2009,"['tech ed 2009', 'teched2009', 'teched 2009']"
1093,twhirl,['twhirl']
1094,freenas,"['freenas', 'free nas']"
1095,zenjar,['zen jar']
1096,mw2009,"['mw 2009', 'MW 2009']"
1097,adium,['adium']
1098,youtube,['youtube']
1099,tryingnottobeastalker,['trying not to be a stalker']
1100,ottawa,"['ottawa', 'Ottawa']"
1101,herebeforeoprah,"['here before Oprah', 'here before oprah']"
1102,May24,['May 24']
1103,ialreadysoldmysoultoplantsvszombies,['i already sold my soul to plants vs zombies']
1104,iamsograceful,['i am so graceful']
1105,buffalo,['buffalo']
1106,marsiscoming,"['Mars is coming', 'mars is coming']"
1107,ims09,['ims 09']
