,gold,characters,hypothesis,value
68881,Facebook,Facebook,Facebook,15.367586135864258
9224,News,News,News,15.977804183959961
73364,Apple,Apple,Apple,17.212556838989258
18438,9,9,9,17.280006408691406
6703,the,the,the,17.307369232177734
56332,Steve,Steve,Steve,17.569108963012695
5533,16,16,16,17.580787658691406
38011,Star Trek,StarTrek,Star Trek,17.85622215270996
2240,Heroes,Heroes,Heroes,17.960552215576172
12737,photos,photos,photos,18.233810424804688
41878,Monday,Monday,Monday,18.333858489990234
9074,blog,blog,blog,18.411338806152344
49327,Barcelona,Barcelona,Barcelona,18.573999404907227
7484,iPhone,iPhone,iPhone,18.612913131713867
50716,Starbucks,Starbucks,Starbucks,18.65966796875
1097,House,House,House,18.67039680480957
9434,Adobe,Adobe,Adobe,18.714384078979492
8399,Chicago,Chicago,Chicago,18.784862518310547
9952,twitter,twitter,twitter,18.85373306274414
6642,quote,quote,quote,18.917442321777344
76741,health,health,health,18.941654205322266
6323,Batman,Batman,Batman,19.047653198242188
57441,Amsterdam,Amsterdam,Amsterdam,19.05007553100586
47783,youtube,youtube,youtube,19.177749633789062
771,Earthquake,Earthquake,Earthquake,19.352075576782227
31375,Chrome,Chrome,Chrome,19.409330368041992
63593,Ubuntu,Ubuntu,Ubuntu,19.410728454589844
59123,Marketing,Marketing,Marketing,19.443988800048828
36168,election,election,election,19.447669982910156
17843,google,google,google,19.483963012695312
50773,Surface,Surface,Surface,19.52873420715332
35126,music,music,music,19.53180694580078
24832,Kindle,Kindle,Kindle,19.547138214111328
54734,follow,follow,follow,19.708538055419922
57406,Rangers,Rangers,Rangers,19.71754264831543
22506,Liverpool,Liverpool,Liverpool,19.721317291259766
13838,Brighton,Brighton,Brighton,19.83785629272461
70491,Colorado,Colorado,Colorado,19.844722747802734
66768,red,red,red,19.92942237854004
14363,Genocide,Genocide,Genocide,19.932485580444336
27670,Arsenal,Arsenal,Arsenal,19.94452667236328
55111,Storm,Storm,Storm,19.947635650634766
1705,Summers,Summers,Summers,19.982749938964844
34436,Bones,Bones,Bones,20.075162887573242
63297,movie,movie,movie,20.090171813964844
22862,Twins,Twins,Twins,20.107797622680664
36606,Geek,Geek,Geek,20.163528442382812
46027,Irish,Irish,Irish,20.288787841796875
66146,FAIL,FAIL,FAIL,20.304306030273438
9082,Wolves,Wolves,Wolves,20.311264038085938
35690,WordPress,WordPress,WordPress,20.319250106811523
23483,Google Chrome,GoogleChrome,Google Chrome,20.33611488342285
17918,flickr,flickr,flickr,20.483108520507812
268,fail,fail,fail,20.49306869506836
2411,Angels,Angels,Angels,20.54503631591797
34399,Scarlet,Scarlet,Scarlet,20.54825210571289
69941,Morrissey,Morrissey,Morrissey,20.619712829589844
33788,Ericsson,Ericsson,Ericsson,20.63878631591797
23723,Hawks,Hawks,Hawks,20.668540954589844
42802,Bristol,Bristol,Bristol,20.735336303710938
70995,photography,photography,photography,20.738441467285156
48262,Without,Without,Without,20.743953704833984
39894,May 24,May24,May 24,20.771286010742188
15751,Wolverine,Wolverine,Wolverine,20.838809967041016
36982,Green Day,GreenDay,Green Day,20.852088928222656
59782,Chrysler,Chrysler,Chrysler,20.865867614746094
50617,cancer,cancer,cancer,20.89478302001953
739,error,error,error,20.963783264160156
16211,Penguins,Penguins,Penguins,21.037311553955078
37401,Croatia,Croatia,Croatia,21.04540252685547
12223,amazon,amazon,amazon,21.05954360961914
40534,Santa Barbara,SantaBarbara,Santa Barbara,21.070175170898438
65285,early,early,early,21.098535537719727
78430,Bangalore,Bangalore,Bangalore,21.133520126342773
18841,Glasgow,Glasgow,Glasgow,21.135522842407227
68069,Tori,Tori,Tori,21.137126922607422
43954,Flashpoint,Flashpoint,Flashpoint,21.18161964416504
34149,gmail,gmail,gmail,21.222291946411133
19271,Ducks,Ducks,Ducks,21.247150421142578
1848,Easter,Easter,Easter,21.255762100219727
8651,Canucks,Canucks,Canucks,21.28008270263672
42287,LOST,LOST,LOST,21.331993103027344
18235,Outdoors,Outdoors,Outdoors,21.368934631347656
46512,Synology,Synology,Synology,21.37712860107422
24256,Adelaide,Adelaide,Adelaide,21.381099700927734
23738,finals,finals,finals,21.3905029296875
43488,Indy,Indy,Indy,21.41156768798828
43496,training,training,training,21.43346405029297
46148,weight,weight,weight,21.46213150024414
18586,india,india,india,21.487951278686523
18957,linux,linux,linux,21.498821258544922
19905,Breaking Bad,BreakingBad,Breaking Bad,21.527379989624023
22084,native,native,native,21.53882598876953
17224,Spiritual,Spiritual,Spiritual,21.563570022583008
40197,not really,notreally,not really,21.591354370117188
39564,Dracula,Dracula,Dracula,21.59646224975586
23802,SNL,SNL,SNL,21.617835998535156
7970,TYLER,TYLER,TYLER,21.66808319091797
32501,webmaster,webmaster,webmaster,21.68679428100586
47643,Bruins,Bruins,Bruins,21.69446563720703
19637,Continental,Continental,Continental,21.721471786499023
13901,Evernote,Evernote,Evernote,21.767864227294922
47967,Wolfram Alpha,WolframAlpha,WolframAlpha,21.800025939941406
79091,coffee,coffee,coffee,21.816116333007812
6348,conservation,conservation,conservation,21.821218490600586
46069,widgets,widgets,widgets,21.824844360351562
35541,Eurovision,Eurovision,Eurovision,21.84501838684082
37230,Wii,Wii,Wii,21.85190200805664
7946,french,french,french,21.864009857177734
68971,magic,magic,magic,21.912818908691406
71310,Migraine,Migraine,Migraine,21.938308715820312
2215,Lahore,Lahore,Lahore,21.945228576660156
14407,Karachi,Karachi,Karachi,22.016098022460938
9409,Drupal,Drupal,Drupal,22.016359329223633
391,surface,surface,surface,22.030338287353516
1823,Virgin,Virgin,Virgin,22.052734375
38843,cars,cars,cars,22.08441734313965
21336,Bored,Bored,Bored,22.087263107299805
53989,jazz,jazz,jazz,22.105606079101562
65876,canada,canada,canada,22.121723175048828
29118,lost,lost,lost,22.1580867767334
35178,Halo 3,Halo3,Halo 3,22.172977447509766
5913,travis,travis,travis,22.17719268798828
71192,windows,windows,windows,22.199663162231445
63618,yahoo,yahoo,yahoo,22.216306686401367
15365,victoria,victoria,victoria,22.220260620117188
1977,house,house,house,22.226581573486328
37753,Semper Fidelis,SemperFidelis,Semper Fidelis,22.230052947998047
20890,bacon,bacon,bacon,22.232975006103516
37205,MotoGP,MotoGP,MotoGP,22.23434829711914
19238,ubuntu,ubuntu,ubuntu,22.237586975097656
43335,Tamil,Tamil,Tamil,22.25084114074707
20717,netflix,netflix,netflix,22.272659301757812
25029,amp,amp,amp,22.27288055419922
35142,tennis,tennis,tennis,22.276464462280273
16465,weather,weather,weather,22.292152404785156
9165,tags,tags,tags,22.328815460205078
37291,WTCC,WTCC,WTCC,22.32964515686035
282,Krispy Kreme,KrispyKreme,Krispy Kreme,22.342723846435547
66112,sarcasm,sarcasm,sarcasm,22.358837127685547
5637,iphone,iphone,iphone,22.39824676513672
21571,woo,woo,woo,22.399799346923828
65423,Heineken,Heineken,Heineken,22.402807235717773
9216,Moab,Moab,Moab,22.430923461914062
15942,revision,revision,revision,22.467559814453125
75874,Throwback,Throwback,Throwback,22.470308303833008
24484,face palm,facepalm,facepalm,22.47606658935547
23897,Pity,Pity,Pity,22.50904655456543
2178,cricket,cricket,cricket,22.522014617919922
1741,spotify,spotify,spotify,22.535015106201172
54004,Talking Heads,TalkingHeads,Talking Heads,22.557697296142578
24817,perth,perth,perth,22.580223083496094
9401,spam,spam,spam,22.60256576538086
71896,Nats,Nats,Nats,22.60259437561035
13054,asp,asp,asp,22.64221954345703
16548,Paperwork,Paperwork,Paperwork,22.657115936279297
15904,Nuggets,Nuggets,Nuggets,22.675342559814453
16610,postgresql,postgresql,postgresql,22.680784225463867
32152,NHL Playoffs,NHLPlayoffs,NHL Playoffs,22.697629928588867
24301,Marley,Marley,Marley,22.6989803314209
29014,lulz,lulz,lulz,22.758129119873047
79083,bees,bees,bees,22.767602920532227
76830,hashtags,hashtags,hashtags,22.773630142211914
55548,Firebox,Firebox,Firebox,22.842927932739258
22108,Peoria,Peoria,Peoria,22.843883514404297
1171,italy,italy,italy,22.856847763061523
671,earthquake,earthquake,earthquake,22.868186950683594
35007,3 words,3words,3 words,22.890830993652344
48464,The Brick,TheBrick,The Brick,22.91492462158203
5171,democratic,democratic,democratic,22.93370246887207
19031,baseball,baseball,baseball,22.937511444091797
2071,photog,photog,photog,22.98458480834961
21320,forex,forex,forex,22.997608184814453
41917,firefox,firefox,firefox,23.02987289428711
6563,woot,woot,woot,23.046796798706055
21471,saltwater,saltwater,saltwater,23.049448013305664
48064,Leinster,Leinster,Leinster,23.058860778808594
76873,twist,twist,twist,23.084129333496094
26498,football,football,football,23.121631622314453
16254,gravity,gravity,gravity,23.133955001831055
36614,robinson,robinson,robinson,23.14633560180664
71426,Hunchback,Hunchback,Hunchback,23.18902015686035
66394,metal,metal,metal,23.20276641845703
65044,homeless,homeless,homeless,23.268356323242188
43804,COBOL,COBOL,COBOL,23.29243278503418
10487,Lomo,Lomo,Lomo,23.344968795776367
56523,Canes,Canes,Canes,23.349143981933594
63181,good night,goodnight,goodnight,23.351882934570312
17584,breakfast,breakfast,breakfast,23.36110496520996
47720,just sayin,justsayin,just sayin,23.363908767700195
6059,indonesia,indonesia,indonesia,23.376392364501953
50808,sleep,sleep,sleep,23.39529800415039
28942,nightmare,nightmare,nightmare,23.396570205688477
19263,riff,riff,riff,23.416786193847656
34850,Wishful Thinking,WishfulThinking,Wishful Thinking,23.446903228759766
9106,Coachella,Coachella,Coachella,23.475006103515625
53664,sunshine,sunshine,sunshine,23.51369285583496
38420,Manure,Manure,Manure,23.517566680908203
39474,Prison Break,PrisonBreak,Prison Break,23.533512115478516
44240,Fails,Fails,Fails,23.550914764404297
13640,wind,wind,wind,23.56869125366211
13531,aware,aware,aware,23.579561233520508
27706,lobster,lobster,lobster,23.5803279876709
27130,Man Utd,ManUtd,Man Utd,23.590744018554688
33648,kindle,kindle,kindle,23.591400146484375
2559,socks,socks,socks,23.604063034057617
18601,brighton,brighton,brighton,23.611888885498047
46043,Cannes,Cannes,Cannes,23.615650177001953
54109,new album,newalbum,new album,23.6239013671875
35037,windows 7,windows7,windows 7,23.667667388916016
47818,chicago,chicago,chicago,23.693531036376953
33171,SharePoint,SharePoint,SharePoint,23.70819854736328
73254,asylum,asylum,asylum,23.734050750732422
49248,last,last,last,23.742923736572266
9009,dispatches,dispatches,dispatches,23.744958877563477
622,star trek,startrek,startrek,23.766117095947266
14865,Moscato,Moscato,Moscato,23.766372680664062
16361,vegas,vegas,vegas,23.767045974731445
74351,SGA,SGA,SGA,23.806884765625
11729,sigma,sigma,sigma,23.83156394958496
76463,fireworks,fireworks,fireworks,23.8869571685791
2019,ottawa,ottawa,ottawa,23.905094146728516
65221,heartbreak,heartbreak,heartbreak,23.94363784790039
61130,miracle,miracle,miracle,23.947372436523438
28744,Dollhouse,Dollhouse,Dollhouse,23.976526260375977
17748,insomnia,insomnia,insomnia,24.01324462890625
59468,star wars,starwars,starwars,24.03948974609375
69041,starbucks,starbucks,starbucks,24.051776885986328
2153,Wii Fit,WiiFit,Wii Fit,24.06903076171875
63263,everton,everton,everton,24.084697723388672
8971,Indycar,Indycar,Indycar,24.130250930786133
54759,TWELVE,TWELVE,TWELVE,24.13947296142578
6666,buffalo,buffalo,buffalo,24.157712936401367
32109,good luck,goodluck,good luck,24.169933319091797
64922,sustainability,sustainability,sustainability,24.170310974121094
53272,volkswagen,volkswagen,volkswagen,24.17795181274414
19983,apprentice,apprentice,apprentice,24.200244903564453
9173,overload,overload,overload,24.253711700439453
59728,Dale Brown,DaleBrown,Dale Brown,24.263858795166016
1775,semantic,semantic,semantic,24.268306732177734
18578,suck,suck,suck,24.279651641845703
70126,Migraines,Migraines,Migraines,24.3172607421875
51072,Graze,Graze,Graze,24.332542419433594
15812,twins,twins,twins,24.36254119873047
21352,underbelly,underbelly,underbelly,24.37247657775879
15653,Pompey,Pompey,Pompey,24.399171829223633
55836,giro,giro,giro,24.418292999267578
36485,tweet deck,tweetdeck,tweetdeck,24.45278549194336
17955,background image,backgroundimage,background image,24.462421417236328
43820,CakePHP,CakePHP,CakePHP,24.4962158203125
33773,GMail,GMail,GMail,24.51742935180664
2468,howling,howling,howling,24.53403091430664
24981,melbourne,melbourne,melbourne,24.543655395507812
10906,throwback,throwback,throwback,24.57999610900879
21239,joomla,joomla,joomla,24.596656799316406
37179,primal,primal,primal,24.6298770904541
17534,Diigo,Diigo,Diigo,24.651519775390625
2776,squirrel,squirrel,squirrel,24.677165985107422
61274,terminator,terminator,terminator,24.6971492767334
50365,subway,subway,subway,24.716663360595703
72771,jealous,jealous,jealous,24.73672103881836
34708,biking,biking,biking,24.768043518066406
17550,walmart,walmart,walmart,24.784696578979492
18648,Sehnsucht,Sehnsucht,Sehnsucht,24.808788299560547
16014,derby,derby,derby,24.813579559326172
32476,EFTPOS,EFTPOS,EFTPOS,24.826221466064453
23291,hurt,hurt,hurt,24.83963394165039
33146,Glasto,Glasto,Glasto,24.841432571411133
30475,muffin,muffin,muffin,24.843048095703125
38964,yankees,yankees,yankees,24.843427658081055
13038,azure,azure,azure,24.85172462463379
75683,global warming,globalwarming,global warming,24.869234085083008
51057,fails,fails,fails,24.87091827392578
12413,not likely,notlikely,not likely,24.872352600097656
14645,OmniGraffle,OmniGraffle,OmniGraffle,24.87522315979004
755,tracy,tracy,tracy,24.91657829284668
26282,kimi,kimi,kimi,24.946393966674805
33470,climb,climb,climb,24.953346252441406
10037,bittorrent,bittorrent,bittorrent,25.010730743408203
35073,vancouver,vancouver,vancouver,25.014934539794922
35516,mumbai,mumbai,mumbai,25.042272567749023
43443,expenses,expenses,expenses,25.063589096069336
39921,monday,monday,monday,25.097204208374023
16500,wolverine,wolverine,wolverine,25.10226821899414
8435,Prabhakaran,Prabhakaran,Prabhakaran,25.111080169677734
63238,dongle,dongle,dongle,25.11393928527832
76578,swans,swans,swans,25.152355194091797
11438,bsg,bsg,bsg,25.187698364257812
10560,Samaya,Samaya,Samaya,25.192291259765625
31524,Lemon Tree,LemonTree,Lemon Tree,25.208290100097656
19411,blue box,bluebox,bluebox,25.235912322998047
21429,toulouse,toulouse,toulouse,25.26633071899414
26446,scrapbook,scrapbook,scrapbook,25.26824951171875
70449,polaroid,polaroid,polaroid,25.268943786621094
65901,spymaster,spymaster,spymaster,25.27984619140625
76598,David Archuleta,DavidArchuleta,David Archuleta,25.283519744873047
53952,Let me go,Letmego,Letme go,25.285388946533203
73431,TCOT,TCOT,TCOT,25.306777954101562
51179,graze,graze,graze,25.31649398803711
10142,morning joe,morningjoe,morning joe,25.362205505371094
63578,lupus,lupus,lupus,25.362905502319336
5579,Tweet Deck,TweetDeck,TweetDeck,25.36587142944336
8741,Game Ports,GamePorts,Game Ports,25.369897842407227
10966,dissertation,dissertation,dissertation,25.372913360595703
7696,spain,spain,spain,25.378482818603516
46900,interop,interop,interop,25.38040542602539
72166,twat,twat,twat,25.38162612915039
5163,SUPA,SUPA,SUPA,25.407012939453125
69626,reality check,realitycheck,realitycheck,25.40745735168457
8587,genealogy,genealogy,genealogy,25.423511505126953
38503,racial profiling,racialprofiling,racial profiling,25.43184471130371
74804,erlang,erlang,erlang,25.44330406188965
67168,field notes,fieldnotes,field notes,25.46280860900879
9636,MICA,MICA,MICA,25.482009887695312
8801,police state,policestate,police state,25.496795654296875
11606,Miss USA,MissUSA,Miss USA,25.50057601928711
425,rails,rails,rails,25.501319885253906
21072,Ladytron,Ladytron,Ladytron,25.525278091430664
66599,geocache,geocache,geocache,25.549819946289062
49474,TEDx Tokyo,TEDxTokyo,TEDxTokyo,25.551651000976562
45866,leopard,leopard,leopard,25.554489135742188
37724,a11y,a11y,a11y,25.555675506591797
18280,Logies,Logies,Logies,25.560176849365234
6174,what a burger,whataburger,whataburger,25.561067581176758
47450,togs,togs,togs,25.611127853393555
18210,maddie,maddie,maddie,25.645122528076172
1479,Ambients,Ambients,Ambients,25.663190841674805
38751,redwings,redwings,redwings,25.675527572631836
22410,Stansted,Stansted,Stansted,25.67821502685547
40317,Music Monday,MusicMonday,Music Monday,25.692602157592773
75286,second life,secondlife,second life,25.693830490112305
55055,letdown,letdown,letdown,25.696460723876953
42730,Terminator 4,Terminator4,Terminator 4,25.6968994140625
39037,lacrosse,lacrosse,lacrosse,25.69808578491211
63706,nightshift,nightshift,nightshift,25.703617095947266
47924,unfollow,unfollow,unfollow,25.70877456665039
66667,it sucks,itsucks,it sucks,25.744327545166016
22465,the hills,thehills,the hills,25.766155242919922
2903,bremen,bremen,bremen,25.766572952270508
59831,illness,illness,illness,25.77912139892578
10295,app store,appstore,appstore,25.781980514526367
31411,Why I Tweet,WhyITweet,Why I Tweet,25.785404205322266
9752,Tweetie,Tweetie,Tweetie,25.809221267700195
72895,the beat,thebeat,the beat,25.829021453857422
16196,i news,inews,inews,25.8634033203125
1873,barcodes,barcodes,barcodes,25.905162811279297
6908,formula 1,formula1,formula 1,25.910537719726562
36542,eurovision,eurovision,eurovision,25.916767120361328
38937,brasil,brasil,brasil,25.917186737060547
12722,typo3,typo3,typo3,25.970375061035156
38726,scrubs,scrubs,scrubs,25.990497589111328
34328,crumpets,crumpets,crumpets,26.020784378051758
55800,Dayquil,Dayquil,Dayquil,26.021347045898438
11683,home game,homegame,home game,26.03237533569336
9232,malware bytes,malwarebytes,malwarebytes,26.090499877929688
31476,macbooks,macbooks,macbooks,26.11201286315918
14063,TEMPLES,TEMPLES,TEMPLES,26.112808227539062
15098,TMMM,TMMM,TMMM,26.11993408203125
51338,Border liner,Borderliner,Borderliner,26.141033172607422
37734,RC Car,RCCar,RC Car,26.147581100463867
57668,pinoy,pinoy,pinoy,26.17535400390625
1439,good life,goodlife,good life,26.19822120666504
26546,Twitter Takeover,TwitterTakeover,Twitter Takeover,26.252756118774414
9697,redshirts,redshirts,redshirts,26.280059814453125
77977,free nas,freenas,freenas,26.28205680847168
28809,Breaking bad,Breakingbad,Breaking bad,26.291645050048828
18108,roll call,rollcall,rollcall,26.296768188476562
16778,SEAF,SEAF,SEAF,26.299463272094727
19854,Kelloggs,Kelloggs,Kelloggs,26.307920455932617
27440,acen,acen,acen,26.324480056762695
15039,geocaching,geocaching,geocaching,26.332584381103516
56635,leafs,leafs,leafs,26.359697341918945
15320,openmoko,openmoko,openmoko,26.360950469970703
39373,indy 500,indy500,indy500,26.401227951049805
32555,my map,mymap,my map,26.404247283935547
65301,ccnet,ccnet,ccnet,26.408016204833984
1400,rock box,rockbox,rockbox,26.411170959472656
73928,wset,wset,wset,26.41645050048828
365,Kulula,Kulula,Kulula,26.46677017211914
70188,whats happening,whatshappening,whats happening,26.46935272216797
78806,gripe,gripe,gripe,26.477733612060547
15638,bulls,bulls,bulls,26.47832679748535
54984,DR WHO,DRWHO,DR WHO,26.52553939819336
59894,SIXX,SIXX,SIXX,26.55754852294922
12767,swine flu,swineflu,swine flu,26.570659637451172
8917,Berbatov,Berbatov,Berbatov,26.587295532226562
20963,xenocide,xenocide,xenocide,26.647064208984375
10436,pissed off,pissedoff,pissed off,26.667007446289062
50881,google chrome,googlechrome,google chrome,26.67490577697754
55377,DEMF,DEMF,DEMF,26.680809020996094
37234,truecrypt,truecrypt,truecrypt,26.685150146484375
24685,dollhouse,dollhouse,dollhouse,26.68612289428711
59512,lakers,lakers,lakers,26.698688507080078
40252,h1n1,h1n1,h1n1,26.700502395629883
5535,epic fail,epicfail,epicfail,26.709415435791016
5364,tuttle,tuttle,tuttle,26.722089767456055
51810,my penis,mypenis,my penis,26.732162475585938
37444,family history,familyhistory,family history,26.751497268676758
66640,rstats,rstats,rstats,26.773244857788086
15106,Stabbity,Stabbity,Stabbity,26.783668518066406
73379,flyer talk,flyertalk,flyertalk,26.78545570373535
23806,Chestermere,Chestermere,Chestermere,26.787599563598633
44163,school time,schooltime,schooltime,26.84823989868164
74262,kettlebells,kettlebells,kettlebells,26.873136520385742
75379,laker,laker,laker,26.908958435058594
33457,no car,nocar,no car,26.934913635253906
72084,S Army,SArmy,S Army,26.97199249267578
75399,right turn,rightturn,right turn,26.979244232177734
17793,Famished,Famished,Famished,26.99197769165039
46562,VS 2010,VS2010,VS 2010,26.998363494873047
8687,progrock,progrock,progrock,27.011402130126953
19612,Ayrton,Ayrton,Ayrton,27.041461944580078
6707,bluray,bluray,bluray,27.06439971923828
43350,web 2,web2,web2,27.091426849365234
65190,JavaONE,JavaONE,Java ONE,27.09196662902832
23685,canucks,canucks,canucks,27.100994110107422
23235,Tweet It Up,TweetItUp,Tweet It Up,27.103816986083984
6148,nascar,nascar,nascar,27.13395881652832
21268,tough love,toughlove,tough love,27.16716194152832
56072,cramps,cramps,cramps,27.190338134765625
13885,Nambu,Nambu,Nambu,27.202865600585938
33906,CPSIA,CPSIA,CPSIA,27.21530532836914
22877,blisters,blisters,blisters,27.265647888183594
23762,23 and me,23andme,23andme,27.307435989379883
37569,gnu cash,gnucash,gnucash,27.322582244873047
15581,bamboozle,bamboozle,bamboozle,27.336414337158203
77256,itouch,itouch,i touch,27.36471939086914
2665,random facts,randomfacts,random facts,27.375171661376953
37601,shortstack,shortstack,shortstack,27.420438766479492
6270,uprise,uprise,uprise,27.47635269165039
50642,lightboxes,lightboxes,lightboxes,27.479393005371094
63456,better days,betterdays,better days,27.483245849609375
42937,adium,adium,adium,27.51934051513672
49533,no agenda,noagenda,no agenda,27.530672073364258
39082,McFly,McFly,McFly,27.575424194335938
67155,PNLC,PNLC,PNLC,27.598642349243164
73608,red sox,redsox,redsox,27.618751525878906
68008,primavera,primavera,primavera,27.629920959472656
48308,revision 3,revision3,revision 3,27.634281158447266
37890,sri lanka,srilanka,sri lanka,27.635007858276367
73940,girl crush,girlcrush,girl crush,27.643470764160156
55471,flyfishing,flyfishing,flyfishing,27.735031127929688
10002,tweetie,tweetie,tweetie,27.759639739990234
22338,event track,eventtrack,event track,27.77866554260254
49988,b park,bpark,bpark,27.7796630859375
28999,nucks,nucks,nucks,27.83362579345703
50397,Follow Friday,FollowFriday,Follow Friday,27.83905792236328
2574,plowed,plowed,plowed,27.84783172607422
47899,arashi,arashi,arashi,27.906198501586914
45820,Fellowes,Fellowes,Fellowes,27.94036865234375
40407,secret mission,secretmission,secret mission,27.96678924560547
29407,twitter fail,twitterfail,twitterfail,27.975605010986328
5845,UFC 97,UFC97,UFC 97,27.98016929626465
3189,readathon,readathon,readathon,28.00262451171875
41902,Eelam,Eelam,Eelam,28.0100040435791
76897,favorite movie,favoritemovie,favorite movie,28.01974105834961
68926,Sixx,Sixx,Sixx,28.091007232666016
33486,q and a,qanda,qanda,28.103042602539062
30119,story of my life,storyofmylife,story of my life,28.162067413330078
29289,sky tools,skytools,skytools,28.171226501464844
2599,hill house,hillhouse,hillhouse,28.201276779174805
55292,im just sayin,imjustsayin,im just sayin,28.2643985748291
36314,married life,marriedlife,married life,28.264957427978516
76524,home birth,homebirth,home birth,28.27691078186035
22564,ice hockey,icehockey,ice hockey,28.280643463134766
34589,green day,greenday,greenday,28.28168487548828
39603,yay man,yayman,yay man,28.29727554321289
11103,Tinted Windows,TintedWindows,Tinted Windows,28.304224014282227
18877,live scribe,livescribe,livescribe,28.313133239746094
31082,code completion,codecompletion,code completion,28.358154296875
64833,cost savings,costsavings,cost savings,28.384183883666992
10763,boston marathon,bostonmarathon,bostonmarathon,28.417606353759766
49790,orkut,orkut,orkut,28.41988754272461
29570,gwibber,gwibber,gwibber,28.44245719909668
53769,ravelry,ravelry,ravelry,28.467979431152344
53343,ifast,ifast,i fast,28.47567367553711
46853,Emetrics,Emetrics,Emetrics,28.545658111572266
61172,Twitter Remix,TwitterRemix,Twitter Remix,28.55382537841797
2440,ASOT 400,ASOT400,ASOT 400,28.572059631347656
43857,Photo Follows,PhotoFollows,Photo Follows,28.577919006347656
31343,no pants,nopants,nopants,28.585941314697266
39695,hurling,hurling,hurling,28.59757423400879
14900,WWDC s,WWDCs,WWDCs,28.607879638671875
39906,g free,gfree,gfree,28.615755081176758
5499,cubbies,cubbies,cubbies,28.662080764770508
29225,cusswords,cusswords,cusswords,28.676897048950195
22776,lost the game,lostthegame,lost the game,28.681060791015625
79119,bad timing,badtiming,bad timing,28.691869735717773
30459,mc fly,mcfly,mcfly,28.69640350341797
24208,i lost the game,ilostthegame,i lost the game,28.700565338134766
69439,manics,manics,manics,28.709957122802734
71235,kitchen fire,kitchenfire,kitchen fire,28.806617736816406
17892,logies,logies,logies,28.836246490478516
37369,tweet up,tweetup,tweetup,28.865737915039062
5230,Flylady,Flylady,Flylady,28.884016036987305
39630,simple plan,simpleplan,simple plan,28.884021759033203
69482,the daily show,thedailyshow,the daily show,28.887304306030273
45645,bushfires,bushfires,bushfires,28.89055824279785
56538,electro house,electrohouse,electrohouse,28.906871795654297
19770,Paper Heroes,PaperHeroes,Paper Heroes,28.90774154663086
12900,moose tracks,moosetracks,moose tracks,28.94080352783203
26724,man city,mancity,mancity,28.955459594726562
49386,Death Sponge,DeathSponge,Death Sponge,28.967472076416016
56307,twares,twares,twares,28.98926544189453
32572,spin to,spinto,spin to,28.997737884521484
38244,singleminded,singleminded,singleminded,29.01369285583496
38857,london 2009,london2009,london 2009,29.072731018066406
10380,medifast,medifast,medifast,29.081260681152344
20049,kelloggs,kelloggs,kelloggs,29.08565902709961
14261,vitaminwater,vitaminwater,vitamin water,29.08626937866211
46837,drobo,drobo,drobo,29.10577392578125
9987,nambu,nambu,nambu,29.13530731201172
14920,daily exercise,dailyexercise,daily exercise,29.15938949584961
31230,teched,teched,teched,29.180587768554688
53411,post digital,postdigital,postdigital,29.199264526367188
12711,Typo3,Typo3,Typo 3,29.291351318359375
13422,Dutch lessons,Dutchlessons,Dutch lessons,29.294612884521484
46789,spoonies,spoonies,spoonies,29.31773567199707
75203,my weakness,myweakness,my weakness,29.330448150634766
49046,for daisy,fordaisy,for daisy,29.337753295898438
74967,WNTW,WNTW,WNTW,29.36040496826172
18773,flying pig,flyingpig,flyingpig,29.36077117919922
66379,asylm,asylm,asylm,29.40096664428711
27980,big weekend,bigweekend,big weekend,29.41163444519043
53518,build your brand,buildyourbrand,build your brand,29.43505859375
22134,hamr,hamr,hamr,29.447799682617188
9359,summer 09,summer09,summer 09,29.48760986328125
45900,sawman,sawman,sawman,29.556459426879883
30204,digital planet,digitalplanet,digitalplanet,29.558616638183594
6461,Twitter whore,Twitterwhore,Twitter whore,29.563764572143555
6741,accidents happen,accidentshappen,accidents happen,29.56961441040039
16130,fort worth,fortworth,fortworth,29.572246551513672
25305,nigella,nigella,nigella,29.57758331298828
9452,yay men,yaymen,yay men,29.592960357666016
34014,ride to work,ridetowork,ride to work,29.595993041992188
18306,pooram,pooram,pooram,29.612146377563477
68579,uk pubs,ukpubs,ukpubs,29.651836395263672
28736,tcaf,tcaf,tcaf,29.654926300048828
40090,follow week,followweek,follow week,29.662906646728516
56404,george michael,georgemichael,georgemichael,29.68233871459961
41963,for our hero,forourhero,for our hero,29.689390182495117
15530,fail whale,failwhale,fail whale,29.694028854370117
54793,website fail,websitefail,website fail,29.70433807373047
18202,ncfc,ncfc,ncfc,29.710403442382812
11394,food fail,foodfail,foodfail,29.716815948486328
5389,RSD 09,RSD09,RSD09,29.768199920654297
14724,Kolache Factory,KolacheFactory,Kolache Factory,29.791793823242188
11934,Global Marijuana March,GlobalMarijuanaMarch,Global Marijuana March,29.798900604248047
14109,heavy workload,heavyworkload,heavy workload,29.816417694091797
5857,ahbl,ahbl,ahbl,29.8287353515625
15678,moodswings,moodswings,moodswings,29.82897186279297
15804,bcp 3,bcp3,bcp3,29.829917907714844
74701,The Green Teen,TheGreenTeen,The Green Teen,29.831382751464844
1528,the in betweeners,theinbetweeners,the inbetweeners,29.844623565673828
8391,aacr,aacr,aacr,29.86919403076172
71137,oh no you didnt,ohnoyoudidnt,oh no you didnt,29.89303970336914
78618,FAIl,FAIl,FAIl,29.91932487487793
75934,geek camp,geekcamp,geekcamp,29.925636291503906
25339,punchdrunk,punchdrunk,punchdrunk,29.92812728881836
65339,melting away,meltingaway,melting away,29.93905258178711
57683,true blood,trueblood,trueblood,29.94635772705078
53801,anti patterns,antipatterns,antipatterns,29.961864471435547
66820,grand rapids,grandrapids,grand rapids,30.031658172607422
35166,hbmf,hbmf,hbmf,30.03221893310547
67038,wieters,wieters,wieters,30.037580490112305
72548,UPS sucks,UPSsucks,UPS sucks,30.054340362548828
17868,hatton,hatton,hatton,30.056884765625
15199,mdsw,mdsw,mdsw,30.061315536499023
74675,s1e8,s1e8,s1e8,30.061365127563477
40640,bento box,bentobox,bento box,30.083072662353516
43174,feeling sorry for myself,feelingsorryformyself,feeling sorry for myself,30.151691436767578
77789,tonight show,tonightshow,tonight show,30.158748626708984
12592,tweet jack,tweetjack,tweetjack,30.179412841796875
57755,i lose weight,iloseweight,i lose weight,30.191974639892578
63940,Twedding,Twedding,T wedding,30.19333839416504
17646,divorce party,divorceparty,divorce party,30.227535247802734
76431,lazy eye,lazyeye,lazy eye,30.281837463378906
51113,iphone dev,iphonedev,iphonedev,30.304452896118164
16045,FLETCHER DAY,FLETCHERDAY,FLETCHER DAY,30.318347930908203
25419,twitter takeover,twittertakeover,twitter takeover,30.39093780517578
3744,Fifth Summit,FifthSummit,Fifth Summit,30.408222198486328
24747,mothers day,mothersday,mothers day,30.428396224975586
70643,Virtual Kiss,VirtualKiss,Virtual Kiss,30.444461822509766
65584,gfail,gfail,gfail,30.477825164794922
48117,Save Earl,SaveEarl,Save Earl,30.478965759277344
53713,follow Art,followArt,follow Art,30.492151260375977
64431,webdu,webdu,webdu,30.4969425201416
13728,follow friday,followfriday,followfriday,30.50363540649414
55089,GA 2009,GA2009,GA 2009,30.528650283813477
60191,Save Me From Hell,SaveMeFromHell,Save Me From Hell,30.57961082458496
5356,nufc,nufc,nufc,30.61374855041504
54227,follow Friday,followFriday,follow Friday,30.619945526123047
2506,game arena,gamearena,game arena,30.64504051208496
3326,sat chat,satchat,satchat,30.657184600830078
70871,red mango,redmango,redmango,30.668678283691406
55844,virgin media,virginmedia,virginmedia,30.69721221923828
55591,maternal health,maternalhealth,maternal health,30.70969581604004
27383,anti funny,antifunny,antifunny,30.71337127685547
72179,sleep deprived,sleepdeprived,sleep deprived,30.73109245300293
37036,the green death,thegreendeath,the green death,30.74597930908203
66772,ad lounge,adlounge,adlounge,30.749406814575195
51851,large pussy,largepussy,large pussy,30.80467414855957
77280,death whale,deathwhale,deathwhale,30.80768394470215
61028,far poll,farpoll,far poll,30.845970153808594
197,camera fail,camerafail,camera fail,30.932315826416016
14558,Team Britney,TeamBritney,Team Britney,30.95047378540039
77969,twpp,twpp,twpp,30.998294830322266
71361,friend fail,friendfail,friend fail,31.011417388916016
17016,Waltz With Bashir,WaltzWithBashir,Waltz With Bashir,31.01877784729004
54154,sick friday,sickfriday,sick friday,31.030908584594727
51088,twhirl,twhirl,twhirl,31.05042839050293
12191,Lions 09,Lions09,Lions 09,31.071481704711914
8893,otalia,otalia,otalia,31.137699127197266
39411,write chat,writechat,writechat,31.14849090576172
45700,flylady,flylady,flylady,31.15114974975586
15412,free realms,freerealms,free realms,31.166542053222656
35750,cloud fail,cloudfail,cloudfail,31.18603515625
23104,frenchie b,frenchieb,frenchieb,31.19195556640625
50990,coffee club,coffeeclub,coffee club,31.20967674255371
46935,4 networking,4networking,4 networking,31.233219146728516
34272,google wtf,googlewtf,google wtf,31.260677337646484
2099,blue peter,bluepeter,blue peter,31.267261505126953
16031,DKAJ,DKAJ,DK AJ,31.313432693481445
50308,perl tweet,perltweet,perl tweet,31.316139221191406
14528,laddas,laddas,laddas,31.32421875
34693,l3ree,l3ree,l3ree,31.342098236083984
13632,pc 09,pc09,pc09,31.34917449951172
49810,ninja tweet,ninjatweet,ninja tweet,31.354326248168945
9807,Henry Wood House,HenryWoodHouse,Henry Wood House,31.35547637939453
28890,apple fail,applefail,applefail,31.38282585144043
71909,flash camp,flashcamp,flash camp,31.43378257751465
18833,A1GP,A1GP,A1GP,31.447242736816406
64726,bad microsoft,badmicrosoft,bad microsoft,31.501304626464844
37933,share point,sharepoint,sharepoint,31.507936477661133
59333,sack of dicks,sackofdicks,sack of dicks,31.520904541015625
30669,project aware,projectaware,project aware,31.531814575195312
51428,vfth,vfth,vfth,31.532577514648438
33924,NHL Tweet up,NHLTweetup,NHL Tweetup,31.543964385986328
34093,fix reply,fixreply,fix reply,31.5748291015625
40686,future summit,futuresummit,future summit,31.595041275024414
18712,django con,djangocon,djangocon,31.608774185180664
54880,download 2009,download2009,download 2009,31.61471939086914
39213,we should find out,weshouldfindout,we should find out,31.63554573059082
47669,Bash mash,Bashmash,Bashmash,31.656213760375977
24861,Save Dollhouse,SaveDollhouse,Save Dollhouse,31.733081817626953
8236,cold remedy,coldremedy,cold remedy,31.735227584838867
30500,twiist,twiist,twiist,31.73531723022461
27152,euroko,euroko,euroko,31.736431121826172
23650,sa votes,savotes,savotes,31.76268196105957
24337,Sanctuary Sunday,SanctuarySunday,Sanctuary Sunday,31.787717819213867
16345,spsdc,spsdc,spsdc,31.787973403930664
5865,geek meet,geekmeet,geekmeet,31.809619903564453
40782,twitter fon,twitterfon,twitterfon,31.810348510742188
17285,bck 5,bck5,bck5,31.823942184448242
68610,insane defaults,insanedefaults,insane defaults,31.832639694213867
76778,note to god,notetogod,note to god,31.833999633789062
46615,heart balloon,heartballoon,heart balloon,31.848587036132812
21912,next 09,next09,next09,31.8531436920166
37679,type nerd,typenerd,type nerd,31.86072540283203
59699,hungee,hungee,hungee,31.872081756591797
31327,ukrds,ukrds,ukrds,31.88423728942871
9329,mw 2009,mw2009,mw2009,31.9176025390625
32245,win playlist,winplaylist,win playlist,31.919979095458984
11765,nation of idiots,nationofidiots,nation of idiots,31.96154022216797
70916,maker faire,makerfaire,makerfaire,32.0030403137207
59902,riesling,riesling,riesling,32.016536712646484
12248,sage pay,sagepay,sagepay,32.04130554199219
64061,favorite icecream,favoriteicecream,favorite icecream,32.04155731201172
38666,shit stack,shitstack,shitstack,32.04338455200195
6658,hac 5,hac5,hac5,32.111534118652344
27740,pyggy,pyggy,pyggy,32.1795539855957
20454,celebrity apprentice,celebrityapprentice,celebrityapprentice,32.20806884765625
47852,emc world,emcworld,emcworld,32.20820617675781
44255,where camp,wherecamp,wherecamp,32.24508094787598
63526,topic maps,topicmaps,topic maps,32.25477981567383
42299,hate monday,hatemonday,hate monday,32.25959396362305
35616,india votes,indiavotes,india votes,32.263084411621094
35807,28 fresh,28fresh,28fresh,32.29171562194824
53913,mu story,mustory,mu story,32.30282402038574
5066,spec trial,spectrial,spectrial,32.315093994140625
30844,Pistol Wink,PistolWink,Pistol Wink,32.3257942199707
64593,farting loud,fartingloud,farting loud,32.40206527709961
18331,dddsw,dddsw,dddsw,32.430124282836914
2748,twunes,twunes,twunes,32.466989517211914
74796,wvfn,wvfn,wvfn,32.47984504699707
14480,MWYDA,MWYDA,MWYDA,32.50345230102539
7844,wake training,waketraining,wake training,32.50529861450195
1117,baby punch,babypunch,baby punch,32.52473068237305
33518,bring back life,bringbacklife,bring back life,32.527462005615234
15151,Chris Flu,ChrisFlu,ChrisFlu,32.54441833496094
29154,fix replies,fixreplies,fix replies,32.5515079498291
12994,aces 2009,aces2009,aces2009,32.56714630126953
10211,music monday,musicmonday,music monday,32.57221984863281
849,fantasy surfer,fantasysurfer,fantasy surfer,32.57457160949707
68123,social media tv,socialmediatv,social media tv,32.60677719116211
30912,oph crack,ophcrack,ophcrack,32.61476516723633
22325,twdn,twdn,twdn,32.61721611022949
7170,amazon fail,amazonfail,amazon fail,32.627960205078125
33354,punt astrophe,puntastrophe,puntastrophe,32.6299934387207
67081,mountain jam,mountainjam,mountain jam,32.658058166503906
530,twit teriffic,twitteriffic,twitteriffic,32.67019462585449
46184,microsoft fail,microsoftfail,microsoft fail,32.67934799194336
19294,podcast friday,podcastfriday,podcast friday,32.695343017578125
57344,element sc,elementsc,elementsc,32.73953437805176
43405,up to no good,uptonogood,up to no good,32.765127182006836
16381,spark people,sparkpeople,spark people,32.76615524291992
36393,TDC ag,TDCag,TDCag,32.77204704284668
75805,beer friday,beerfriday,beer friday,32.79249954223633
6577,Felipe Baby,FelipeBaby,Felipe Baby,32.829349517822266
33679,chrome sucks,chromesucks,chrome sucks,32.84690475463867
46585,iabnet,iabnet,iabnet,32.88094902038574
5272,fifth summit,fifthsummit,fifth summit,32.88602828979492
38922,sulax,sulax,sulax,32.886322021484375
23586,140 Sunday,140Sunday,140 Sunday,32.916175842285156
38450,post hunt,posthunt,post hunt,32.92282676696777
54694,kids min,kidsmin,kidsmin,32.94174575805664
10748,pol 09,pol09,pol09,32.95760154724121
68246,comet 09,comet09,comet09,32.976016998291016
13588,rock plat,rockplat,rockplat,32.98332595825195
64679,lil oven,liloven,liloven,32.9970760345459
45140,tek 09,tek09,tek09,33.00462341308594
72614,miss him already,misshimalready,miss him already,33.008995056152344
21995,star wars day,starwarsday,starwarsday,33.055885314941406
23170,nerd prom,nerdprom,nerd prom,33.066871643066406
7712,skater hockey,skaterhockey,skaterhockey,33.08266067504883
16288,frankie 95,frankie95,frankie95,33.085350036621094
32351,future sonic,futuresonic,future sonic,33.098487854003906
25046,technological racism,technologicalracism,technological racism,33.11910629272461
1997,Mesh 09,Mesh09,Mesh 09,33.12639617919922
7,therapy fail,therapyfail,therapy fail,33.18406677246094
48211,sony sucks,sonysucks,sony sucks,33.21666717529297
36230,Lime is back,Limeisback,Lime is back,33.25114822387695
14499,biz case,bizcase,biz case,33.265052795410156
20829,sam bradley,sambradley,sam bradley,33.27523422241211
34462,3 hot words,3hotwords,3 hot words,33.286354064941406
51203,forecast friday,forecastfriday,forecast friday,33.28710174560547
10341,poss con,posscon,posscon,33.29308319091797
21192,city rail,cityrail,city rail,33.30619812011719
48427,au remix,auremix,au remix,33.31803894042969
42838,lost arg,lostarg,lostarg,33.31822204589844
43654,still smokefree,stillsmokefree,still smoke free,33.32733917236328
15989,munlei,munlei,munlei,33.33720397949219
54554,leeds united,leedsunited,leedsunited,33.40370178222656
34167,ass trending,asstrending,ass trending,33.4054069519043
13093,rails conf,railsconf,railsconf,33.434024810791016
21942,taste camp,tastecamp,taste camp,33.458106994628906
55385,tweet coding,tweetcoding,tweetcoding,33.48536682128906
49705,adam lambert,adamlambert,adam lambert,33.496952056884766
34677,NKTOB,NKTOB,NKTOB,33.50579833984375
61060,smc chicago,smcchicago,smcchicago,33.552818298339844
30531,net prophet,netprophet,net prophet,33.562095642089844
1922,nick darcy,nickdarcy,nickdarcy,33.59214782714844
15829,mh strategy,mhstrategy,mh strategy,33.65391540527344
29611,boycott nick,boycottnick,boycott nick,33.65595626831055
446,stuck record,stuckrecord,stuck record,33.67665100097656
63633,bored boots,boredboots,boredboots,33.698020935058594
53176,dunkin donuts,dunkindonuts,dunkin donuts,33.761146545410156
70816,geeks on a plane,geeksonaplane,geeks on a plane,33.819156646728516
63839,war is fucked,warisfucked,war is fucked,33.822601318359375
69588,amc main,amcmain,amc main,33.86809539794922
44363,famous lovelies,famouslovelies,famous lovelies,33.869998931884766
67544,IDP Relief,IDPRelief,IDP Relief,33.8702278137207
18973,save chuck,savechuck,savechuck,33.88142395019531
49103,platform biased,platformbiased,platform biased,33.88560104370117
55771,Sav Earl,SavEarl,Sav Earl,33.903770446777344
68081,bike TO,bikeTO,bike TO,33.929691314697266
8510,NHL tweetup,NHLtweetup,NHL tweetup,33.94183349609375
48158,SB drinks,SBdrinks,SB drinks,33.976016998291016
74355,startup 2 startup,startup2startup,startup2startup,33.97736358642578
11664,LBF 09,LBF09,LBF09,33.98994445800781
5128,whuffie,whuffie,whuffie,34.00636291503906
20371,we are lasers,wearelasers,we are lasers,34.0157470703125
16968,hn date,hndate,hndate,34.021183013916016
13546,hamthrax,hamthrax,hamthrax,34.04421615600586
46105,t barcamp,tbarcamp,tbarcamp,34.07987594604492
12280,ipv6 summit,ipv6summit,ipv6summit,34.08929443359375
21120,pixel tamer,pixeltamer,pixel tamer,34.09463882446289
76390,jay leno,jayleno,jayleno,34.10859298706055
68505,metaverse u,metaverseu,metaverseu,34.22393798828125
41843,gr8 conf,gr8conf,gr8conf,34.2265625
10495,tweet dare,tweetdare,tweetdare,34.22785186767578
55266,LA ftw,LAftw,LA ftw,34.30693054199219
75488,wish 27,wish27,wish27,34.33512496948242
13954,aloha friday,alohafriday,aloha friday,34.38121032714844
70085,NO FAKERY,NOFAKERY,NO FAKERY,34.42079162597656
66016,stevie wonder,steviewonder,stevie wonder,34.42878341674805
46324,comic relief party,comicreliefparty,comic relief party,34.43424606323242
54998,meta meets,metameets,metameets,34.5423583984375
65087,screengrab 09,screengrab09,screengrab09,34.54924011230469
11233,Opposite Tuesday,OppositeTuesday,Opposite Tuesday,34.57007598876953
12647,jonas live,jonaslive,jonaslive,34.591712951660156
39809,i am so graceful,iamsograceful,i am so graceful,34.59276580810547
50007,save earl,saveearl,save earl,34.6114501953125
73314,atl tweet,atltweet,atltweet,34.63154602050781
65559,sccr18,sccr18,sccr18,34.63793182373047
11050,prosehos,prosehos,prosehos,34.6515998840332
11640,sv 2009,sv2009,sv2009,34.70158386230469
34134,owjen,owjen,owjen,34.72062683105469
26244,when i were a lad,wheniwerealad,when i were a lad,34.737667083740234
73651,the green teen,thegreenteen,the green teen,34.744773864746094
59416,traffic za,trafficza,trafficza,34.799354553222656
17293,TYGa man,TYGaman,TYGaman,34.804847717285156
45740,cf objective,cfobjective,cf objective,34.81129455566406
78503,open space code,openspacecode,open space code,34.82915496826172
75467,xbox e3,xboxe3,xbox e3,34.87657928466797
34520,damn heroin,damnheroin,damn heroin,34.882266998291016
23905,open hack london,openhacklondon,openhacklondon,34.91460418701172
56347,cow friday,cowfriday,cowfriday,34.91958999633789
69999,feast friday,feastfriday,feast friday,34.92526626586914
38341,football 3 s,football3s,football3s,34.9344482421875
46718,mayhem crew,mayhemcrew,mayhem crew,34.93749237060547
30158,twit hugs,twithugs,twithugs,34.94134521484375
37299,book mooch,bookmooch,bookmooch,34.983882904052734
10591,fiesta movement,fiestamovement,fiesta movement,35.019287109375
78030,mars is coming,marsiscoming,mars is coming,35.036434173583984
5404,sota 09,sota09,sota09,35.065101623535156
6113,ned fail,nedfail,nedfail,35.066871643066406
22636,shop to earn,shoptoearn,shop to earn,35.10226821899414
42142,charity tuesday,charitytuesday,charity tuesday,35.1064453125
68987,tv _ addict,tv_addict,tv_addict,35.11568069458008
72151,3 aaah,3aaah,3aaah,35.11846923828125
3256,maximo park,maximopark,maximopark,35.158966064453125
54326,EAS active,EASactive,EAS active,35.18357849121094
12476,kentucky derby,kentuckyderby,kentucky derby,35.19367599487305
35216,craving something sweet,cravingsomethingsweet,craving something sweet,35.209266662597656
2825,pain buddies,painbuddies,pain buddies,35.2270622253418
3505,camp courage,campcourage,camp courage,35.27024459838867
24050,wakeskate,wakeskate,wake skate,35.28131103515625
28171,twitter 4 vg,twitter4vg,twitter4vg,35.29957580566406
13648,flossy love,flossylove,flossylove,35.3040771484375
34733,People Browsr,PeopleBrowsr,PeopleBrowsr,35.44115447998047
74178,grammar nazi,grammarnazi,grammar nazi,35.46819305419922
21531,paw party,pawparty,paw party,35.48906326293945
68286,omg impatient,omgimpatient,omg impatient,35.50997543334961
22148,beacon Hotel,beaconHotel,beacon Hotel,35.54669189453125
63320,climber pickup,climberpickup,climber pickup,35.573516845703125
32444,sust now,sustnow,sustnow,35.575313568115234
13058,aware sg,awaresg,awaresg,35.60685729980469
22720,sig jeans,sigjeans,sig jeans,35.63215637207031
29022,trend fixing,trendfixing,trendfixing,35.6546516418457
35839,twumpet,twumpet,twumpet,35.66384506225586
34374,SMC Sea,SMCSea,SMCSea,35.67190933227539
38055,book blockade,bookblockade,book blockade,35.677433013916016
51917,unnecessary _ shit,unnecessary_shit,unnecessary_shit,35.69322967529297
54645,twiparty,twiparty,twiparty,35.733314514160156
51748,legend of the seeker,legendoftheseeker,legend of the seeker,35.75880432128906
44312,Twitarrr,Twitarrr,Twitarrr,35.7640380859375
53142,Coktup,Coktup,Coktup,35.77060317993164
72099,anti boyle,antiboyle,antiboyle,35.823158264160156
68934,ox teach,oxteach,oxteach,35.8388671875
73280,palm pre,palmpre,palmpre,35.84004211425781
12813,cartoon avie,cartoonavie,cartoon avie,35.9059944152832
5432,web raising,webraising,web raising,35.91169357299805
12353,lions 2009,lions2009,lions 2009,35.947235107421875
20267,star trek arg,startrekarg,startrekarg,36.01911163330078
42039,make histori,makehistori,makehistori,36.020416259765625
63987,coffe club,coffeclub,coffeclub,36.07292938232422
24539,twitter musical,twittermusical,twitter musical,36.07676696777344
26779,Bring Tara Back,BringTaraBack,Bring Tara Back,36.16781234741211
51562,save Earl,saveEarl,saveEarl,36.1970100402832
74984,moustache fail,moustachefail,moustache fail,36.243473052978516
18354,magical moms,magicalmoms,magical moms,36.24590301513672
10111,symp 09,symp09,symp09,36.324127197265625
15488,tff 2009,tff2009,tff2009,36.338722229003906
13181,sleepless in seattle,sleeplessinseattle,sleepless in seattle,36.34991455078125
7508,chick in train,chickintrain,chickintrain,36.3505859375
36025,fringe failure,fringefailure,fringe failure,36.35867691040039
5945,inline slalom,inlineslalom,inline slalom,36.37343215942383
38794,go jays go,gojaysgo,gojaysgo,36.411617279052734
66702,rr theatre,rrtheatre,rrtheatre,36.45349884033203
78273,bionic commando,bioniccommando,bionic commando,36.4708137512207
50828,amped 180,amped180,amped 180,36.504146575927734
65322,BEA 09,BEA09,BE A 09,36.50944137573242
2045,IVAA 09,IVAA09,IVAA09,36.596717834472656
63777,bad optus,badoptus,bad optus,36.646629333496094
18448,Hollywood Rcds,HollywoodRcds,Hollywood Rcds,36.66565704345703
21004,kosher FAIL,kosherFAIL,kosherFAIL,36.7060546875
19085,barista wannabe,baristawannabe,barista wannabe,36.72494125366211
49624,singh bca,singhbca,singhbca,36.75379943847656
20905,Hoppus day,Hoppusday,Hoppusday,36.7800407409668
17462,mp expenses,mpexpenses,mp expenses,36.81309127807617
8309,last masters,lastmasters,last masters,36.83087158203125
23038,30 SECONDS TO MARS,30SECONDSTOMARS,30 SECONDS TO MARS,36.871437072753906
75353,SSMTUP,SSMTUP,SSMTUP,36.88651657104492
36424,Ed Tweet up,EdTweetup,EdTweetup,36.89665985107422
78832,absolution rising,absolutionrising,absolution rising,36.98724365234375
9644,bersetzen,bersetzen,bersetzen,37.02436065673828
29126,rpattz,rpattz,rpattz,37.02729034423828
7986,big deal moms,bigdealmoms,bigdealmoms,37.172210693359375
65827,idm final,idmfinal,idm final,37.17692947387695
24111,euruko,euruko,euruko,37.23342514038086
17328,Euro Django Con,EuroDjangoCon,EuroDjangoCon,37.24039840698242
49581,jaljeera,jaljeera,jaljeera,37.288333892822266
49675,uollts,uollts,uollts,37.292320251464844
15269,paw pawty,pawpawty,pawpawty,37.343528747558594
51448,not at leaky,notatleaky,not at leaky,37.348148345947266
71961,shortcake fail,shortcakefail,shortcakefail,37.4511604309082
75982,leno leaves,lenoleaves,leno leaves,37.525360107421875
67238,camp jitterbug,campjitterbug,camp jitterbug,37.573516845703125
39002,LOFNOTC,LOFNOTC,LOF NOTC,37.58704376220703
59951,2 wk film,2wkfilm,2 wk film,37.59497833251953
29499,bne traffic,bnetraffic,bne traffic,37.62858581542969
59538,star girl in space,stargirlinspace,stargirlinspace,37.6827278137207
78733,30 seconds to mars,30secondstomars,30 seconds to mars,37.82448959350586
49256,bradie webb,bradiewebb,bradiewebb,37.82968521118164
56046,wish i was in LA,wishiwasinLA,wish i was in LA,37.850799560546875
59868,sytycd,sytycd,sytycd,37.86965560913086
49882,simeon hobbes,simeonhobbes,simeonhobbes,37.936614990234375
27448,vampire beatles,vampirebeatles,vampirebeatles,37.95829391479492
56660,deadliest catch,deadliestcatch,deadliest catch,38.09940719604492
29332,shibari con,shibaricon,shibaricon,38.107666015625
40157,lofnotc,lofnotc,lofnotc,38.14305114746094
53357,webinale,webinale,webinale,38.154754638671875
47072,golden opportunity missed,goldenopportunitymissed,golden opportunity missed,38.15948486328125
58980,ShuaBq,ShuaBq,ShuaBq,38.17453384399414
38168,delonge day,delongeday,delonge day,38.197757720947266
30328,jonas paranoid,jonasparanoid,jonas paranoid,38.21197509765625
77741,trying not to be a stalker,tryingnottobeastalker,trying not to be a stalker,38.232666015625
44031,gfy monday,gfymonday,gfymonday,38.456153869628906
45941,save food day,savefoodday,save food day,38.462547302246094
31264,SAPPHIRE 09,SAPPHIRE09,SAPPHIRE 09,38.481727600097656
18152,r2 picnic,r2picnic,r2picnic,38.706111907958984
14441,dddscot,dddscot,dddscot,38.73802947998047
67615,penile words,penilewords,penile words,38.813751220703125
8105,gadget show live,gadgetshowlive,gadget show live,38.84623718261719
7814,vconqr,vconqr,vconqr,38.84861755371094
6307,SATO 48,SATO48,SA TO 48,38.85643768310547
56899,3 stalker words,3stalkerwords,3 stalker words,38.885536193847656
32890,middle name thursday,middlenamethursday,middle name thursday,38.916015625
76190,terrible kitty mom,terriblekittymom,terrible kitty mom,38.97541046142578
27349,when i were a lass,wheniwerealass,when i were a lass,38.97785186767578
50234,v2 power cut,v2powercut,v2 power cut,39.00452423095703
55127,unfollow friday,unfollowfriday,unfollowfriday,39.00871658325195
71790,the office nbc,theofficenbc,the office nbc,39.090911865234375
27763,brambles fightback,bramblesfightback,brambles fightback,39.097408294677734
16793,poynter day,poynterday,poynter day,39.175987243652344
70348,hump the stump,humpthestump,hump the stump,39.23543930053711
71667,Cookout of the century,Cookoutofthecentury,Cookout of the century,39.241050720214844
42875,smx london,smxlondon,smx london,39.24275207519531
30965,ignite sydney,ignitesydney,ignite sydney,39.3074951171875
7626,robie creek,robiecreek,robie creek,39.403099060058594
50071,Fling out Friday,FlingoutFriday,Fling out Friday,39.45794677734375
39960,dogsitter fail,dogsitterfail,dog sitter fail,39.469482421875
56813,reject prop 8,rejectprop8,reject prop 8,39.47471618652344
60246,bTrendie,bTrendie,b Trendie,39.486412048339844
28270,teched 2009,teched2009,tech ed 2009,39.48959732055664
62282,im a deprived child,imadeprivedchild,im a deprived child,39.59772491455078
74555,full moon crazy,fullmooncrazy,full moon crazy,39.71735382080078
89,gay for peavy,gayforpeavy,gayforpeavy,39.777286529541016
57594,3 words after sex,3wordsaftersex,3 words after sex,39.78959655761719
51524,bupa 10k,bupa10k,bupa10k,39.917823791503906
40260,roz savage,rozsavage,rozsavage,39.94399642944336
44090,moan monday,moanmonday,moanmonday,39.957366943359375
23312,zach is sexy,zachissexy,zach is sexy,39.97010803222656
60872,tango thursdays,tangothursdays,tango thursdays,40.09278106689453
17173,hoppus day,hoppusday,hoppus day,40.11903381347656
59176,woozy wednesday,woozywednesday,woozywednesday,40.15871047973633
54412,fuck you fridays,fuckyoufridays,fuck you fridays,40.18766784667969
33264,lost fan fail,lostfanfail,lost fan fail,40.19831848144531
11540,Its Grim Up North,ItsGrimUpNorth,Its Grim Up North,40.22709274291992
19449,hburg news,hburgnews,h burgnews,40.26317596435547
1333,Automation At a Cost,AutomationAtaCost,Automation At a Cost,40.27484130859375
48362,mufty fail,muftyfail,mufty fail,40.33094024658203
65472,bea tweet up,beatweetup,beat weetup,40.36595153808594
31581,teched 09,teched09,tech ed09,40.425636291503906
66901,strategic Clock,strategicClock,strategicClock,40.434913635253906
19708,shoals biz,shoalsbiz,shoalsbiz,40.660526275634766
58887,miley brazil,mileybrazil,mileybrazil,40.66938781738281
55731,oew0509,oew0509,oew0509,40.780033111572266
43543,moan mondays,moanmondays,moan mondays,40.82797622680664
2959,idiotic twitter apps,idiotictwitterapps,idiotic twitter apps,40.833370208740234
28072,family force 5,familyforce5,family force 5,40.841819763183594
62098,i totally missed your face,itotallymissedyourface,i totally missed your face,40.87696075439453
3360,philly code camp,phillycodecamp,phillycodecamp,40.92048263549805
68757,frehley friday,frehleyfriday,frehleyfriday,41.12438201904297
35956,3 turnoff words,3turnoffwords,3 turn off words,41.13673400878906
65730,My PowerBook G4 RIP,MyPowerBookG4RIP,My PowerBook G4 RIP,41.26337432861328
977,titsup tuesday,titsuptuesday,tits up tuesday,41.396034240722656
34638,LOSNOTC,LOSNOTC,LO SNOTC,41.44459533691406
21817,pictures for sad children,picturesforsadchildren,pictures for sad children,41.44620132446289
27588,mikey way day,mikeywayday,mikeywayday,41.57084655761719
32039,sg tweet up,sgtweetup,sgtweetup,41.62977600097656
76063,boo bad losers,boobadlosers,boo bad losers,41.635467529296875
59981,jonas webcast,jonaswebcast,jonaswebcast,41.70466232299805
26309,crap soap lines,crapsoaplines,crap soap lines,42.02427673339844
22245,iihf hockey,iihfhockey,iihfhockey,42.127052307128906
30610,road twip,roadtwip,roadtwip,42.191429138183594
5684,here before oprah,herebeforeoprah,here before oprah,42.31134796142578
15207,kilau meet,kilaumeet,kilaumeet,42.34961700439453
23382,OMG SWINE FLU,OMGSWINEFLU,OMG SWINE FLU,42.351661682128906
30768,yarra trams,yarratrams,yarratrams,42.385986328125
59004,unfollow diddy,unfollowdiddy,unfollowdiddy,42.521514892578125
67380,SAP Inside track,SAPInsidetrack,SAP Inside track,42.531532287597656
36408,z0S09,z0S09,z0S09,42.54255294799805
16689,tour de blono,tourdeblono,tour de blono,42.57164764404297
72809,noc tweetup,noctweetup,noc tweetup,42.572837829589844
33833,twss thurs,twssthurs,twssthurs,42.67303466796875
64262,visial voicemail,visialvoicemail,visialvoicemail,42.86510467529297
6948,india votes 09,indiavotes09,indiavotes09,43.07515335083008
26927,TWO HANDS FLETCHER,TWOHANDSFLETCHER,TWO HANDS FLETCHER,43.19367218017578
14035,uxcb09,uxcb09,uxcb09,43.26180648803711
75113,zappn launch,zappnlaunch,zapp n launch,43.268001556396484
79026,bcleeds09,bcleeds09,bcleeds09,43.29060363769531
26049,looking at paint colours again,lookingatpaintcoloursagain,looking at paint colours again,43.48444366455078
66176,friday fire hazzard,fridayfirehazzard,friday fire hazzard,43.557533264160156
42398,psych unit entertainment,psychunitentertainment,psych unit entertainment,43.5792121887207
19510,bar camp bham,barcampbham,barcampbham,43.68116760253906
61679,is the recession over yet,istherecessionoveryet,is the recession over yet,43.721031188964844
39283,post hunt 09,posthunt09,posthunt09,43.93206787109375
64464,jonas new songs,jonasnewsongs,jonas new songs,44.29292678833008
68415,brand wkshop,brandwkshop,brand wkshop,44.808250427246094
74015,bea twitty party,beatwittyparty,beat witty party,44.84337615966797
77877,php vikinger,phpvikinger,phpvikinger,44.8817253112793
3590,bar camp orlando,barcamporlando,barcamporlando,45.03357696533203
73773,stupid work suxes,stupidworksuxes,stupid work suxes,45.33094787597656
36659,wossy book club,wossybookclub,wossybookclub,45.35160827636719
74847,foll will friday,follwillfriday,foll will friday,45.54510498046875
2268,fri night fever,frinightfever,fri nightfever,45.57958984375
69752,britains got talent,britainsgottalent,britains got talent,45.74190902709961
50510,shaun diviney,shaundiviney,shaun diviney,45.78557586669922
65953,whuffaoke,whuffaoke,whuffaoke,45.825218200683594
20754,Hsv Tweet up,HsvTweetup,Hsv Tweetup,46.108551025390625
16927,keys in mah car,keysinmahcar,keys in mah car,46.15024185180664
78161,tbilnewm edia,tbilnewmedia,tbil new media,46.29283142089844
31661,twitter iss toooooooooo pid,twitterisstoooooooooopid,twitter is stoooooooooopid,46.37324142456055
36811,no undies sunday,noundiessunday,no undies sunday,46.95917510986328
7401,Grand East Anglia Run,GrandEastAngliaRun,Grand East Anglia Run,46.981536865234375
28585,hot lesbian twitter lovin,hotlesbiantwitterlovin,hot lesbian twitter lovin,47.25945281982422
66426,jrz twitter lunch,jrztwitterlunch,jrz twitter lunch,48.349510192871094
57281,what coty is not doing,whatcotyisnotdoing,what coty is not doing,48.48020935058594
67722,misha needs chapstick,mishaneedschapstick,misha needs chapstick,48.710182189941406
75608,hot ass pact 2009,hotasspact2009,hot ass pact 2009,49.07780456542969
20094,iPhone For Alonis,iPhoneForAlonis,iPhoneForAlonis,49.743324279785156
72461,flax and fiber friday,flaxandfiberfriday,flax and fiber friday,50.48267364501953
9480,kwinana freeway,kwinanafreeway,kwinana freeway,50.577003479003906
70595,tweet b4 U eat,tweetb4Ueat,tweet b4 U eat,50.86341094970703
7075,bar camp bkk3,barcampbkk3,barcamp bkk3,51.22083282470703
69292,no bitch assness friday,nobitchassnessfriday,no bitch assness friday,51.74000549316406
29910,i hate rotoscoping 4eva,ihaterotoscoping4eva,i hate rotoscoping 4eva,52.08399963378906
63112,im deprived tonight and i dont like it,imdeprivedtonightandidontlikeit,im deprived tonight and i dont like it,52.8372802734375
73543,BEA twitty party,BEAtwittyparty,BE A twitty party,54.752830505371094
60794,i hearts you harder like whoa,iheartsyouharderlikewhoa,i hearts you harder like whoa,55.470279693603516
45159,Song Stuck In My Head When I Woke Up,SongStuckInMyHeadWhenIWokeUp,Song StuckInMyHeadWhenIWokeUp,55.51726150512695
32768,hire sweets of georgia,hiresweetsofgeorgia,hire sweets of georgia,55.544490814208984
56097,sad rake shaker 09,sadrakeshaker09,sadrakeshaker09,56.83661651611328
77153,DUMB friend thatz me,DUMBfriendthatzme,DUMB friend thatz me,57.23191833496094
72958,weathermen R never right,weathermenRneverright,weathermenR never right,59.800926208496094
47568,OHIO is 4 thrillaz,OHIOis4thrillaz,OHIO is 4 thrillaz,61.03235626220703
48949,never gonna mount ta nuthin,nevergonnamounttanuthin,never gonna mount ta nuthin,61.114898681640625
58854,i already sold my soul to plants vs zombies,ialreadysoldmysoultoplantsvszombies,i already sold my soul to plants vs zombies,63.61299514770508
45106,baby song song is all il know now,babysongsongisallilknownow,baby song song is all il know now,71.23460388183594
53091,let wells have spotify back on her computer,letwellshavespotifybackonhercomputer,let wells have spotify back on her computer,73.07441711425781
5032,still not ready for 100 degree weather but luv Phx,stillnotreadyfor100degreeweatherbutluvPhx,still not ready for 100 degree weather but luv Phx,79.65199279785156
41730,All Time Low Suck More Cock Than A Well Paid Whore,AllTimeLowSuckMoreCockThanAWellPaidWhore,All Time Low SuckMoreCockThanAWell PaidWhore,85.84834289550781
